date,country,E1_contagio,E2_tend_contagio,E3_presion_hosp,E4_tend_hosp,E5_restriccion,E6_tend_socioec,E7_preocupacion,A1_work,A2_school,A3_ptrans,A4_conf
2020-05-06,GB,0.09091,0.0,0.0453943008614976,0.0,79.63,0.0,0.9102054340622928,3.0,3.0,1.0,2.0
2020-05-07,GB,0.0909099999999997,-3.05311331771918e-16,0.043390514631685,-0.0020037862298126,79.63,0.0,0.9125462495795492,3.0,3.0,1.0,2.0
2020-05-08,GB,0.04545,-0.0454599999999997,0.0429700928154003,-0.0004204218162847,79.63,0.0,0.9064970780336884,3.0,3.0,1.0,2.0
2020-05-09,GB,0.08046,0.03501,0.0401755570560431,-0.0027945357593571,79.63,0.0,0.9166103983794732,3.0,3.0,1.0,2.0
2020-05-10,GB,0.0,-0.08046,0.0406670567583381,0.0004914997022949,79.63,0.0,0.917203042715038,3.0,3.0,1.0,2.0
2020-05-11,GB,0.09877,0.09877,0.0388257575757575,-0.0018412991825806,77.78,-1.8499999999999943,0.9179292929292928,3.0,3.0,1.0,2.0
2020-05-12,GB,0.03571,-0.06306,0.0367063492063491,-0.0021194083694083,77.78,0.0,0.9186507936507936,3.0,3.0,1.0,2.0
2020-05-13,GB,0.0357099999999998,-2.012279232133096e-16,0.0459496255956431,0.009243276389294,71.3,-6.480000000000004,0.9152484683458136,3.0,3.0,1.0,1.0
2020-05-14,GB,0.08511,0.0494000000000002,0.044334975369458,-0.0016146502261851,71.3,0.0,0.910782703886152,3.0,3.0,1.0,1.0
2020-05-15,GB,0.05537,-0.02974,0.048268339241887,0.0039333638724289,71.3,0.0,0.9048268339241888,3.0,3.0,1.0,1.0
2020-05-16,GB,0.0553699999999998,-2.012279232133096e-16,0.0494708994708994,0.0012025602290123,71.3,0.0,0.9108465608465608,3.0,3.0,1.0,1.0
2020-05-17,GB,0.01,-0.0453699999999998,0.0494447382337387,-2.616123716069757e-05,71.3,0.0,0.9037546271813856,3.0,3.0,1.0,1.0
2020-05-18,GB,0.1875,0.1775,0.0381056069678823,-0.0113391312658564,71.3,0.0,0.9153511159499184,3.0,3.0,1.0,1.0
2020-05-19,GB,0.1875,0.0,0.0532544378698223,0.01514883090194,71.3,0.0,0.9055944055944056,3.0,3.0,1.0,1.0
2020-05-20,GB,0.05,-0.1375,0.0491208484510186,-0.0041335894188037,71.3,0.0,0.9106893664526932,3.0,3.0,1.0,1.0
2020-05-21,GB,0.0,-0.05,0.0471403812824955,-0.001980467168523,71.3,0.0,0.897053726169844,3.0,3.0,1.0,1.0
2020-05-22,GB,0.0,0.0,0.045364332293734,-0.0017760489887614,71.3,0.0,0.8953785086475758,3.0,3.0,1.0,1.0
2020-05-23,GB,0.15,0.15,0.0439719739067407,-0.0013923583869933,71.3,0.0,0.9062575501328825,3.0,3.0,1.0,1.0
2020-05-24,GB,0.1499999999999999,-8.326672684688674e-17,0.0398089171974521,-0.0041630567092885,71.3,0.0,0.904723991507431,3.0,3.0,1.0,1.0
2020-05-25,GB,0.03636,-0.1136399999999999,0.0402107598447031,0.0004018426472509,71.3,0.0,0.917914586799778,3.0,3.0,1.0,1.0
2020-05-26,GB,0.0363599999999999,-1.0408340855860844e-16,0.0357142857142857,-0.0044964741304173,71.3,0.0,1.0,3.0,3.0,1.0,1.0
2020-05-27,GB,0.0363599999999998,-9.714451465470121e-17,0.0371552975326558,0.0014410118183701,71.3,0.0,0.9100145137880988,3.0,3.0,1.0,1.0
2020-05-28,GB,0.0363599999999998,0.0,0.0419623572971303,0.0048070597644745,71.3,0.0,0.9074359765504474,3.0,3.0,1.0,1.0
2020-05-29,GB,0.0363599999999998,0.0,0.0377421509686037,-0.0042202063285265,69.44,-1.8599999999999992,0.8954575818303273,2.0,3.0,1.0,1.0
2020-05-30,GB,0.0363599999999998,0.0,0.04,0.0022578490313962,69.44,0.0,0.96,2.0,3.0,1.0,1.0
2020-05-31,GB,0.0125,-0.0238599999999998,0.0301295570955106,-0.0098704429044894,69.44,0.0,0.9105152154263332,2.0,3.0,1.0,1.0
2020-06-01,GB,0.0,-0.0125,0.0316233309908643,0.0014937738953536,67.59,-1.8499999999999943,0.9086437104708364,2.0,3.0,1.0,1.0
2020-06-02,GB,0.07463,0.07463,0.0413983440662373,0.0097750130753729,67.59,0.0,0.90524379024839,2.0,3.0,1.0,1.0
2020-06-03,GB,0.0746299999999999,-9.714451465470121e-17,0.0461930551130932,0.0047947110468559,67.59,0.0,0.8974195603695444,2.0,3.0,1.0,1.0
2020-06-04,GB,0.0746299999999999,0.0,0.0363153232949512,-0.009877731818142,67.59,0.0,0.8978447003247711,2.0,3.0,1.0,1.0
2020-06-05,GB,0.05612,-0.0185099999999999,0.0423362175525339,0.0060208942575827,67.59,0.0,0.8952410383189122,2.0,3.0,1.0,1.0
2020-06-06,GB,0.05814,0.0020199999999999,0.0442561205273068,0.0019199029747729,67.59,0.0,0.896421845574388,2.0,3.0,1.0,1.0
2020-06-07,GB,0.03823,-0.0199099999999999,0.042274052478134,-0.0019820680491728,67.59,0.0,0.8997084548104957,2.0,3.0,1.0,1.0
2020-06-08,GB,0.10906,0.07083,0.045758183032732,0.003484130554598,73.15,5.560000000000002,0.9074816299265196,2.0,3.0,1.0,1.0
2020-06-09,GB,0.04916,-0.0599,0.0431848852901483,-0.0025732977425836,73.15,0.0,0.9055330634278004,2.0,3.0,1.0,1.0
2020-06-10,GB,0.15022,0.1010599999999999,0.0488427501701837,0.0056578648800354,73.15,0.0,0.9011232130701156,2.0,3.0,1.0,1.0
2020-06-11,GB,0.21875,0.06853,0.0414831130690161,-0.0073596371011676,73.15,0.0,0.8997797356828194,2.0,3.0,1.0,1.0
2020-06-12,GB,0.04215,-0.1766,0.0434489727180867,0.0019658596490706,73.15,0.0,0.8999663186257999,2.0,3.0,1.0,1.0
2020-06-13,GB,0.02924,-0.01291,0.0379836705715298,-0.0054653021465569,73.15,0.0,0.8864039758608449,2.0,3.0,1.0,1.0
2020-06-14,GB,0.09091,0.06167,0.0484311050477489,0.010447434476219,73.15,0.0,0.8969986357435198,2.0,3.0,1.0,1.0
2020-06-15,GB,0.0681,-0.02281,0.0454227812718377,-0.0030083237759111,71.3,-1.8500000000000083,0.9140461215932912,2.0,3.0,1.0,1.0
2020-06-16,GB,0.04669,-0.0214099999999999,0.04,-0.0054227812718377,71.3,0.0,0.8,2.0,3.0,1.0,1.0
2020-06-17,GB,0.04255,-0.00414,0.0510349750178443,0.0110349750178442,71.3,0.0,0.8993576017130621,2.0,3.0,1.0,1.0
2020-06-18,GB,0.04762,0.00507,0.0411009174311925,-0.0099340575866518,71.3,0.0,0.8855045871559633,2.0,3.0,1.0,1.0
2020-06-19,GB,0.03846,-0.00916,0.0,-0.0411009174311925,71.3,0.0,0.8888888888888888,2.0,3.0,1.0,1.0
2020-06-20,GB,0.09836,0.0599,0.0427154843630816,0.0427154843630816,71.3,0.0,0.8878718535469108,2.0,3.0,1.0,1.0
2020-06-21,GB,0.09091,-0.0074499999999999,0.0408839779005524,-0.0018315064625292,71.3,0.0,0.8858195211786372,2.0,3.0,1.0,1.0
2020-06-22,GB,0.10345,0.0125399999999999,0.0387192851824272,-0.0021646927181251,71.3,0.0,0.9002233804914371,2.0,3.0,1.0,1.0
2020-06-23,GB,0.07692,-0.0265299999999999,0.0400302114803625,0.0013109262979352,71.3,0.0,0.8931268882175226,2.0,3.0,1.0,1.0
2020-06-24,GB,0.06977,-0.00715,0.0467219291635266,0.006691717683164,71.3,0.0,0.8914845516201959,2.0,3.0,1.0,1.0
2020-06-25,GB,0.46154,0.39177,0.0351681957186543,-0.0115537334448722,71.3,0.0,0.8872324159021406,2.0,3.0,1.0,1.0
2020-06-26,GB,0.15,-0.31154,0.0490609428899961,0.0138927471713417,71.3,0.0,0.9018781142200076,2.0,3.0,1.0,1.0
2020-06-27,GB,0.04878,-0.10122,0.0345842531272994,-0.0144766897626966,71.3,0.0,0.8936718175128772,2.0,3.0,1.0,1.0
2020-06-28,GB,0.06897,0.02019,0.0439844760672703,0.0094002229399709,71.3,0.0,0.889391979301423,2.0,3.0,1.0,1.0
2020-06-29,GB,0.16667,0.0977,0.0353369763205828,-0.0086474997466875,71.3,0.0,0.903096539162113,2.0,3.0,1.0,1.0
2020-06-30,GB,0.07692,-0.08975,0.0426695842450765,0.0073326079244937,71.3,0.0,0.8836615609044494,2.0,3.0,1.0,1.0
2020-07-01,GB,0.05063,-0.02629,0.0407569141193595,-0.001912670125717,71.3,0.0,0.8879184861717613,2.0,3.0,1.0,1.0
2020-07-02,GB,0.08333,0.0327,0.0382409177820267,-0.0025159963373328,71.3,0.0,0.8707456978967495,2.0,3.0,1.0,1.0
2020-07-03,GB,0.02041,-0.06292,0.0364016736401673,-0.0018392441418594,71.3,0.0,0.903347280334728,2.0,3.0,1.0,1.0
2020-07-04,GB,0.06667,0.0462599999999999,0.038236441669918,0.0018347680297507,69.91,-1.3900000000000006,0.8860710105345299,2.0,3.0,1.0,1.0
2020-07-05,GB,0.07159,0.00492,0.0405557641757415,0.0023193225058235,69.91,0.0,0.8820878708223808,2.0,3.0,1.0,1.0
2020-07-06,GB,0.2,0.12841,0.0376260667183862,-0.0029296974573553,64.35,-5.560000000000002,0.8890612878200155,2.0,3.0,1.0,1.0
2020-07-07,GB,0.19565,-0.00435,0.0380917159763313,0.0004656492579451,64.35,0.0,0.8735207100591716,2.0,3.0,1.0,1.0
2020-07-08,GB,0.04688,-0.1487699999999999,0.0416985462892117,0.0036068303128804,64.35,0.0,0.8791124713083397,2.0,3.0,1.0,1.0
2020-07-09,GB,0.0884,0.04152,0.036490364903649,-0.0052081813855627,64.35,0.0,0.8765887658876589,2.0,3.0,1.0,1.0
2020-07-10,GB,0.30556,0.21716,0.0311614730878186,-0.0053288918158303,64.35,0.0,0.8847969782813976,2.0,3.0,1.0,1.0
2020-07-11,GB,0.125,-0.18056,0.035444947209653,0.0042834741218343,64.35,0.0,0.8861236802413273,2.0,3.0,1.0,1.0
2020-07-12,GB,0.06452,-0.06048,0.0406646261477917,0.0052196789381386,64.35,0.0,0.879755137735024,2.0,3.0,1.0,1.0
2020-07-13,GB,0.22222,0.1577,0.0393567498942022,-0.0013078762535894,64.35,0.0,0.8899703766398646,2.0,3.0,1.0,1.0
2020-07-14,GB,0.10345,-0.11877,0.0401753104455806,0.0008185605513783,64.35,0.0,0.8802045288531775,2.0,3.0,1.0,1.0
2020-07-15,GB,0.125,0.02155,0.0435082872928175,0.0033329768472369,64.35,0.0,0.8929558011049724,2.0,3.0,1.0,1.0
2020-07-16,GB,0.07692,-0.04808,0.0413087934560326,-0.0021994938367848,64.35,0.0,0.8875255623721882,2.0,3.0,1.0,1.0
2020-07-17,GB,0.10606,0.02914,0.0496894409937887,0.008380647537756,64.35,0.0,0.8890860692102928,2.0,3.0,1.0,1.0
2020-07-18,GB,0.17647,0.0704099999999999,0.0457545094588648,-0.0039349315349238,64.35,0.0,0.8851737791465024,2.0,3.0,1.0,1.0
2020-07-19,GB,0.125,-0.0514699999999999,0.0413488558811721,-0.0044056535776927,64.35,0.0,0.8747490967482938,2.0,3.0,1.0,1.0
2020-07-20,GB,0.07692,-0.04808,0.0346770697876027,-0.0066717860935693,64.35,0.0,0.9033376679670568,2.0,3.0,1.0,1.0
2020-07-21,GB,0.07692,0.0,0.0362225097024578,0.001545439914855,64.35,0.0,0.894351013367831,2.0,3.0,1.0,1.0
2020-07-22,GB,0.25532,0.1784,0.0381773399014777,0.0019548301990199,64.35,0.0,0.8801313628899836,2.0,3.0,1.0,1.0
2020-07-23,GB,0.05882,-0.1965,0.0495133305120608,0.011335990610583,64.35,0.0,0.8840457046127803,2.0,3.0,1.0,1.0
2020-07-24,GB,0.07009,0.01127,0.0422077922077921,-0.0073055383042687,64.35,0.0,0.87430426716141,2.0,3.0,1.0,1.0
2020-07-25,GB,0.125,0.05491,0.0382536382536382,-0.0039541539541538,64.35,0.0,0.8848232848232849,2.0,3.0,1.0,1.0
2020-07-26,GB,0.125,0.0,0.0427247077791213,0.0044710695254831,64.35,0.0,0.8843208383716243,2.0,3.0,1.0,1.0
2020-07-27,GB,0.04878,-0.07622,0.0467625899280575,0.0040378821489362,64.35,0.0,0.8868904876099121,2.0,3.0,1.0,1.0
2020-07-28,GB,0.06504,0.01626,0.0442986054142739,-0.0024639845137836,64.35,0.0,0.8921246923707957,2.0,3.0,1.0,1.0
2020-07-29,GB,0.08696,0.0219199999999999,0.0392313851080864,-0.0050672203061874,64.35,0.0,0.8843074459567654,2.0,3.0,1.0,1.0
2020-07-30,GB,0.17822,0.09126,0.0422710319104848,0.0030396468023983,64.35,0.0,0.8806464981351015,2.0,3.0,1.0,1.0
2020-07-31,GB,0.02174,-0.1564799999999999,0.0444444444444444,0.0021734125339595,64.35,0.0,0.8714285714285714,2.0,3.0,1.0,1.0
2020-08-01,GB,0.18421,0.16247,0.0370072405470634,-0.0074372038973809,69.91,5.560000000000002,0.8753016894609815,2.0,3.0,1.0,1.0
2020-08-02,GB,0.125,-0.05921,0.0397868561278862,0.0027796155808227,69.91,0.0,0.888809946714032,2.0,3.0,1.0,1.0
2020-08-03,GB,0.12088,-0.0041199999999999,0.0416666666666665,0.0018798105387803,69.91,0.0,0.8974056603773585,2.0,3.0,1.0,1.0
2020-08-04,GB,0.29167,0.17079,0.0372943327239487,-0.0043723339427177,69.91,0.0,0.8738574040219378,2.0,3.0,1.0,1.0
2020-08-05,GB,0.08696,-0.20471,0.0425696594427243,0.0052753267187756,69.91,0.0,0.8823529411764706,2.0,3.0,1.0,1.0
2020-08-06,GB,0.30435,0.21739,0.0394685423993746,-0.0031011170433496,69.91,0.0,0.8663540445486518,2.0,3.0,1.0,1.0
2020-08-07,GB,0.125,-0.17935,0.0503978779840848,0.0109293355847101,69.91,0.0,0.8762157382847038,2.0,3.0,1.0,1.0
2020-08-08,GB,0.05556,-0.06944,0.0388888888888888,-0.011508989095196,69.91,0.0,0.8782051282051282,2.0,3.0,1.0,1.0
2020-08-09,GB,0.125,0.06944,0.0420969023034153,0.0032080134145264,69.91,0.0,0.8931691818903892,2.0,3.0,1.0,1.0
2020-08-10,GB,0.08696,-0.03804,0.0409309791332262,-0.001165923170189,69.91,0.0,0.8912520064205457,2.0,3.0,1.0,1.0
2020-08-11,GB,0.08696,0.0,0.0496842105263157,0.0087532313930894,69.91,0.0,0.8829473684210526,2.0,3.0,1.0,1.0
2020-08-12,GB,0.11268,0.02572,0.0492239467849223,-0.0004602637413933,69.91,0.0,0.8656319290465632,2.0,3.0,1.0,1.0
2020-08-13,GB,0.125,0.0123199999999999,0.0490451388888888,-0.0001788078960335,66.2,-3.7099999999999937,0.8763020833333334,2.0,2.0,1.0,1.0
2020-08-14,GB,0.125,0.0,0.0395994538006371,-0.0094456850882516,66.2,0.0,0.8652708238507055,2.0,2.0,1.0,1.0
2020-08-15,GB,0.11268,-0.0123199999999999,0.0351999999999999,-0.0043994538006372,66.2,0.0,0.8768,2.0,2.0,1.0,1.0
2020-08-16,GB,0.125,0.0123199999999999,0.0435193945127719,0.008319394512772,66.2,0.0,0.8874172185430463,2.0,2.0,1.0,1.0
2020-08-17,GB,0.125,0.0,0.0355086372360843,-0.0080107572766875,66.2,0.0,0.8857965451055663,2.0,2.0,1.0,1.0
2020-08-18,GB,0.46154,0.33654,0.0407955124936256,0.0052868752575412,66.2,0.0,0.8827129015808262,2.0,2.0,1.0,1.0
2020-08-19,GB,0.125,-0.33654,0.0465807730426164,0.0057852605489908,66.2,0.0,0.8701684836471755,2.0,2.0,1.0,1.0
2020-08-20,GB,0.03676,-0.08824,0.0494011976047903,0.0028204245621738,66.2,0.0,0.8707584830339321,2.0,2.0,1.0,1.0
2020-08-21,GB,0.29167,0.2549099999999999,0.0461847389558231,-0.0032164586489671,66.2,0.0,0.8679718875502008,2.0,2.0,1.0,1.0
2020-08-22,GB,0.11268,-0.1789899999999999,0.039167079821517,-0.0070176591343061,66.2,0.0,0.8720872583044125,2.0,2.0,1.0,1.0
2020-08-23,GB,0.06452,-0.04816,0.039714413208389,0.0005473333868719,66.2,0.0,0.8955823293172691,2.0,2.0,1.0,1.0
2020-08-24,GB,0.08696,0.02244,0.0429744084983099,0.0032599952899209,66.2,0.0,0.8942539835828103,2.0,2.0,1.0,1.0
2020-08-25,GB,0.125,0.03804,0.0540796963946868,0.0111052878963769,66.2,0.0,0.877134724857685,2.0,2.0,1.0,1.0
2020-08-26,GB,0.125,0.0,0.0411025145067697,-0.012977181887917,66.2,0.0,0.8728239845261122,2.0,2.0,1.0,1.0
2020-08-27,GB,0.11268,-0.0123199999999999,0.0497344278126508,0.008631913305881,66.2,0.0,0.8778367938194109,2.0,2.0,1.0,1.0
2020-08-28,GB,0.125,0.0123199999999999,0.0408691153647179,-0.0088653124479329,66.2,0.0,0.8768753233316089,2.0,2.0,1.0,1.0
2020-08-29,GB,0.11268,-0.0123199999999999,0.0409157330735508,4.6617708832900895e-05,66.2,0.0,0.8709206039941549,2.0,2.0,1.0,1.0
2020-08-30,GB,0.11538,0.0026999999999999,0.0574548907882239,0.0165391577146731,66.2,0.0,0.8798670465337132,2.0,2.0,1.0,1.0
2020-08-31,GB,0.08696,-0.02842,0.0484094052558781,-0.0090454855323458,66.2,0.0,0.8782849239280774,2.0,2.0,1.0,1.0
2020-09-01,GB,0.125,0.03804,0.0506756756756756,0.0022662704197975,64.35,-1.8500000000000083,0.8793436293436293,2.0,1.0,1.0,1.0
2020-09-02,GB,0.11268,-0.0123199999999999,0.0502994011976047,-0.0003762744780709,64.35,0.0,0.8650698602794411,2.0,1.0,1.0,1.0
2020-09-03,GB,0.33333,0.22065,0.0575985821887461,0.0072991809911414,64.35,0.0,0.8785999113867966,2.0,1.0,1.0,1.0
2020-09-04,GB,0.125,-0.20833,0.0504565112926477,-0.0071420708960983,64.35,0.0,0.8750600672753484,2.0,1.0,1.0,1.0
2020-09-05,GB,0.125,0.0,0.0405822673136303,-0.0098742439790174,64.35,0.0,0.8791354212615792,2.0,1.0,1.0,1.0
2020-09-06,GB,0.09524,-0.0297599999999999,0.0452322738386306,0.0046500065250003,64.35,0.0,0.8891605541972291,2.0,1.0,1.0,1.0
2020-09-07,GB,0.125,0.0297599999999999,0.0561139028475711,0.0108816290089404,64.35,0.0,0.8886097152428811,2.0,1.0,1.0,1.0
2020-09-08,GB,0.11268,-0.0123199999999999,0.0600155884645361,0.0039016856169649,64.35,0.0,0.8807482462977396,2.0,1.0,1.0,1.0
2020-09-09,GB,0.33333,0.22065,0.05401405845357,-0.0060015300109661,64.35,0.0,0.8649648538660747,2.0,1.0,1.0,1.0
2020-09-10,GB,0.125,-0.20833,0.0496254681647939,-0.004388590288776,64.35,0.0,0.8696629213483146,2.0,1.0,1.0,1.0
2020-09-11,GB,0.11268,-0.0123199999999999,0.0521251002405772,0.0024996320757832,64.35,0.0,0.8728949478748997,2.0,1.0,1.0,1.0
2020-09-12,GB,0.1126799999999999,-9.714451465470121e-17,0.0496941896024463,-0.0024309106381308,64.35,0.0,0.8650611620795107,2.0,1.0,1.0,1.0
2020-09-13,GB,0.33333,0.2206500000000001,0.0540250447227191,0.0043308551202728,64.35,0.0,0.8772808586762075,2.0,1.0,1.0,1.0
2020-09-14,GB,0.125,-0.20833,0.0608986260675826,0.0068735813448634,65.74,1.3900000000000006,0.8730040846639435,2.0,1.0,1.0,1.0
2020-09-15,GB,0.125,0.0,0.0664544369279744,0.0055558108603918,65.74,0.0,0.8726621567847195,2.0,1.0,1.0,1.0
2020-09-16,GB,0.12676,0.00176,0.0587989991659715,-0.0076554377620028,65.74,0.0,0.8665554628857381,2.0,1.0,1.0,1.0
2020-09-17,GB,0.46154,0.3347799999999999,0.066994193836534,0.0081951946705624,65.74,0.0,0.8722644037516748,2.0,1.0,1.0,1.0
2020-09-18,GB,0.125,-0.33654,0.0582163501238645,-0.0087778437126695,65.74,0.0,0.8521882741535921,2.0,1.0,1.0,1.0
2020-09-19,GB,0.125,0.0,0.0523622047244093,-0.0058541453994551,65.74,0.0,0.8649606299212599,2.0,1.0,1.0,1.0
2020-09-20,GB,0.125,0.0,0.0510011333585189,-0.0013610713658903,65.74,0.0,0.876463921420476,2.0,1.0,1.0,1.0
2020-09-21,GB,0.125,0.0,0.0610364683301343,0.0100353349716153,65.74,0.0,0.8771593090211133,2.0,1.0,1.0,1.0
2020-09-22,GB,0.125,0.0,0.0601277715144681,-0.0009086968156661,65.74,0.0,0.8650883126644119,2.0,1.0,1.0,1.0
2020-09-23,GB,0.09859,-0.02641,0.0571201904006345,-0.0030075811138336,65.74,0.0,0.8726695755652519,2.0,1.0,1.0,1.0
2020-09-24,GB,0.125,0.02641,0.0462184873949578,-0.0109017030056766,67.59,1.8500000000000083,0.8550420168067226,2.0,1.0,1.0,1.0
2020-09-25,GB,0.125,0.0,0.0564997703261368,0.0102812829311789,67.59,0.0,0.8727606798346348,2.0,1.0,1.0,1.0
2020-09-26,GB,0.14311,0.0181099999999999,0.0486230636833045,-0.0078767066428323,67.59,0.0,0.8691910499139415,2.0,1.0,1.0,1.0
2020-09-27,GB,0.09375,-0.0493599999999999,0.0442407333599043,-0.0043823303234001,67.59,0.0,0.8692706257473097,2.0,1.0,1.0,1.0
2020-09-28,GB,0.125,0.03125,0.0584498094027952,0.0142090760428909,67.59,0.0,0.8759000423549343,2.0,1.0,1.0,1.0
2020-09-29,GB,0.07692,-0.04808,0.0563692853972479,-0.0020805240055472,67.59,0.0,0.8668442077230359,2.0,1.0,1.0,1.0
2020-09-30,GB,0.125,0.04808,0.0646900269541778,0.0083207415569298,67.59,0.0,0.8548966756513926,2.0,1.0,1.0,1.0
2020-10-01,GB,0.09859,-0.02641,0.0536036036036035,-0.0110864233505743,67.59,0.0,0.8617117117117117,2.0,1.0,1.0,1.0
2020-10-02,GB,0.09677,-0.00182,0.0608490566037735,0.00724545300017,67.59,0.0,0.85,2.0,1.0,1.0,1.0
2020-10-03,GB,0.125,0.02823,0.0562714776632302,-0.0045775789405433,67.59,0.0,0.8505154639175257,2.0,1.0,1.0,1.0
2020-10-04,GB,0.16279,0.0377899999999999,0.046416938110749,-0.0098545395524811,67.59,0.0,0.871742671009772,2.0,1.0,1.0,1.0
2020-10-05,GB,0.125,-0.0377899999999999,0.0596816976127319,0.0132647595019829,67.59,0.0,0.876657824933687,2.0,1.0,1.0,1.0
2020-10-06,GB,0.06452,-0.06048,0.0577337354588538,-0.0019479621538781,67.59,0.0,0.8621283929340802,2.0,1.0,1.0,1.0
2020-10-07,GB,0.125,0.06048,0.0560344827586206,-0.0016992527002331,67.59,0.0,0.8685344827586207,2.0,1.0,1.0,1.0
2020-10-08,GB,0.125,0.0,0.0501539815222172,-0.0058805012364034,67.59,0.0,0.8429388473383194,2.0,1.0,1.0,1.0
2020-10-09,GB,0.125,0.0,0.0573770491803277,0.0072230676581105,67.59,0.0,0.863066538090646,2.0,1.0,1.0,1.0
2020-10-10,GB,0.11111,-0.01389,0.0466321243523315,-0.0107449248279962,67.59,0.0,0.8370230805463966,2.0,1.0,1.0,1.0
2020-10-11,GB,0.09677,-0.01434,0.0515734265734265,0.0049413022210949,67.59,0.0,0.8671328671328671,2.0,1.0,1.0,1.0
2020-10-12,GB,0.1875,0.09073,0.0618149934239367,0.0102415668505102,60.19,-7.400000000000006,0.864094695309075,2.0,1.0,1.0,1.0
2020-10-13,GB,0.1875,0.0,0.0481640438721983,-0.0136509495517384,60.19,0.0,0.8469241773962805,2.0,1.0,1.0,1.0
2020-10-14,GB,0.1875,0.0,0.0534452296819786,0.0052811858097803,60.19,0.0,0.8476148409893993,2.0,1.0,1.0,1.0
2020-10-15,GB,0.16038,-0.02712,0.0561484918793502,0.0027032621973715,60.19,0.0,0.8696055684454757,2.0,1.0,1.0,1.0
2020-10-16,GB,0.1875,0.02712,0.0495626822157434,-0.0065858096636067,60.19,0.0,0.8654033041788144,2.0,1.0,1.0,1.0
2020-10-17,GB,0.10256,-0.08494,0.0520930232558138,0.0025303410400704,60.19,0.0,0.8534883720930233,2.0,1.0,1.0,1.0
2020-10-18,GB,0.1875,0.08494,0.0567620927936821,0.0046690695378682,60.19,0.0,0.8687068114511353,2.0,1.0,1.0,1.0
2020-10-19,GB,0.1875,0.0,0.0481283422459892,-0.0086337505476928,65.74,5.549999999999997,0.87311618862421,2.0,3.0,1.0,1.0
2020-10-20,GB,0.1875,0.0,0.0542138984721537,0.0060855562261644,65.74,0.0,0.8462296697880729,2.0,3.0,1.0,1.0
2020-10-21,GB,0.1875,0.0,0.0614583333333332,0.0072444348611795,65.74,0.0,0.8510416666666667,2.0,3.0,1.0,1.0
2020-10-22,GB,0.1875,0.0,0.0573382430299841,-0.0041200903033491,67.59,1.8500000000000083,0.8448185165702262,2.0,3.0,1.0,1.0
2020-10-23,GB,0.1875,0.0,0.0545977011494251,-0.0027405418805589,75.0,7.409999999999997,0.8695402298850575,2.0,3.0,1.0,2.0
2020-10-24,GB,0.1875,0.0,0.0482056775575789,-0.0063920235918462,75.0,0.0,0.8484199250133905,2.0,3.0,1.0,2.0
2020-10-25,GB,0.1875,0.0,0.0619212962962962,0.0137156187387173,75.0,0.0,0.875,2.0,3.0,1.0,2.0
2020-10-26,GB,0.1875,0.0,0.0528301886792452,-0.009091107617051,75.0,0.0,0.8830188679245283,2.0,3.0,1.0,2.0
2020-10-27,GB,0.09677,-0.09073,0.056115107913669,0.0032849192344237,75.0,0.0,0.8586330935251798,2.0,3.0,1.0,2.0
2020-10-28,GB,0.1875,0.09073,0.0465459918729219,-0.009569116040747,75.0,0.0,0.8540820096047285,2.0,3.0,1.0,2.0
2020-10-29,GB,0.1875,0.0,0.0513100436681221,0.0047640517952002,75.0,0.0,0.8640829694323144,2.0,3.0,1.0,2.0
2020-10-30,GB,0.1875,0.0,0.0493550196298371,-0.001955024038285,75.0,0.0,0.8609085810431857,2.0,3.0,1.0,2.0
2020-10-31,GB,0.1875,0.0,0.0558163797600416,0.0064613601302044,75.0,0.0,0.8695878977569118,2.0,3.0,1.0,2.0
2020-11-01,GB,0.1875,0.0,0.0463609172482551,-0.0094554625117865,75.0,0.0,0.86839481555334,2.0,3.0,1.0,2.0
2020-11-02,GB,0.1875,0.0,0.055995475113122,0.0096345578648669,75.0,0.0,0.876131221719457,2.0,3.0,1.0,2.0
2020-11-03,GB,0.13636,-0.0511399999999999,0.0568181818181817,0.0008227067050597,75.0,0.0,0.8708133971291866,2.0,3.0,1.0,2.0
2020-11-04,GB,0.1875,0.0511399999999999,0.0573878627968337,0.0005696809786519,75.0,0.0,0.8568601583113457,2.0,3.0,1.0,2.0
2020-11-05,GB,0.1875,0.0,0.0434520217260108,-0.0139358410708229,75.0,0.0,0.8442969221484611,2.0,3.0,1.0,2.0
2020-11-06,GB,0.1875,0.0,0.0540897097625329,0.010637688036522,72.22,-2.780000000000001,0.8726912928759895,3.0,3.0,1.0,1.0
2020-11-07,GB,0.1875,0.0,0.0532837670384137,-0.0008059427241191,72.22,0.0,0.8680297397769516,3.0,3.0,1.0,1.0
2020-11-08,GB,0.1875,0.0,0.057142857142857,0.0038590901044432,72.22,0.0,0.8633540372670807,3.0,3.0,1.0,1.0
2020-11-09,GB,0.1875,0.0,0.0675159235668789,0.0103730664240218,66.67,-5.549999999999997,0.8713375796178344,3.0,1.0,1.0,1.0
2020-11-10,GB,0.1875,0.0,0.056476365868631,-0.0110395576982478,64.81,-1.8599999999999992,0.8686310620012277,2.0,1.0,1.0,1.0
2020-11-11,GB,0.1875,0.0,0.0596536241180243,0.0031772582493933,64.81,0.0,0.8556767158434894,2.0,1.0,1.0,1.0
2020-11-12,GB,0.1875,0.0,0.0664179104477611,0.0067642863297368,64.81,0.0,0.8507462686567164,2.0,1.0,1.0,1.0
2020-11-13,GB,0.09836,-0.08914,0.0485197368421052,-0.0178981736056559,64.81,0.0,0.8651315789473685,2.0,1.0,1.0,1.0
2020-11-14,GB,0.09677,-0.00159,0.0560941828254846,0.0075744459833794,64.81,0.0,0.8580332409972299,2.0,1.0,1.0,1.0
2020-11-15,GB,0.1875,0.09073,0.0528913963328631,-0.0032027864926215,64.81,0.0,0.8674188998589563,2.0,1.0,1.0,1.0
2020-11-16,GB,0.1875,0.0,0.0764290301862554,0.0235376338533923,64.81,0.0,0.8683365446371226,2.0,1.0,1.0,1.0
2020-11-17,GB,0.1875,0.0,0.0633333333333333,-0.0130956968529221,64.81,0.0,0.8526666666666667,2.0,1.0,1.0,1.0
2020-11-18,GB,0.1875,0.0,0.057977736549165,-0.0053555967841682,64.81,0.0,0.8613172541743971,2.0,1.0,1.0,1.0
2020-11-19,GB,0.1875,0.0,0.057471264367816,-0.0005064721813489,64.81,0.0,0.8670664667666167,2.0,1.0,1.0,1.0
2020-11-20,GB,0.1875,0.0,0.0610870610870609,0.0036157967192449,67.59,2.780000000000001,0.8542568542568543,2.0,1.0,1.0,1.0
2020-11-21,GB,0.1875,0.0,0.0624712907671106,0.0013842296800496,67.59,0.0,0.8543867707854846,2.0,1.0,1.0,1.0
2020-11-22,GB,0.1875,0.0,0.0542770299609205,-0.0081942608061901,67.59,0.0,0.865392965696917,2.0,1.0,1.0,1.0
2020-11-23,GB,0.36,0.1725,0.0619047619047618,0.0076277319438413,67.59,0.0,0.7904761904761904,2.0,1.0,1.0,1.0
2020-11-24,GB,0.1875,-0.1725,0.0676432572167168,0.0057384953119549,67.59,0.0,0.7604480827229643,2.0,1.0,1.0,1.0
2020-11-25,GB,0.1875,0.0,0.0636074511585642,-0.0040358060581525,67.59,0.0,0.7919127669241254,2.0,1.0,1.0,1.0
2020-11-26,GB,0.1875,0.0,0.0656968559361801,0.0020894047776159,67.59,0.0,0.7968090098545284,2.0,1.0,1.0,1.0
2020-11-27,GB,0.1875,0.0,0.0524886877828053,-0.0132081681533748,67.59,0.0,0.7841628959276018,2.0,1.0,1.0,1.0
2020-11-28,GB,0.1875,0.0,0.0602313522138013,0.007742664430996,67.59,0.0,0.7885919425608297,2.0,1.0,1.0,1.0
2020-11-29,GB,0.1875,0.0,0.0520319027725027,-0.0081994494412985,67.59,0.0,0.7873148499810102,2.0,1.0,1.0,1.0
2020-11-30,GB,0.1875,0.0,0.0539736506587334,0.0019417478862306,67.59,0.0,0.7819804504887378,2.0,1.0,1.0,1.0
2020-12-01,GB,0.1875,0.0,0.0657679738562091,0.0117943231974756,67.59,0.0,0.764297385620915,2.0,1.0,1.0,1.0
2020-12-02,GB,0.14286,-0.04464,0.0597546497823506,-0.0060133240738584,67.59,0.0,0.7609814008705975,2.0,1.0,1.0,1.0
2020-12-03,GB,0.1875,0.04464,0.062420382165605,0.0026657323832543,63.89,-3.700000000000003,0.7664543524416136,2.0,1.0,1.0,0.0
2020-12-04,GB,0.1875,0.0,0.0656436487638533,0.0032232665982483,63.89,0.0,0.7612958226768969,2.0,1.0,1.0,0.0
2020-12-05,GB,0.1875,0.0,0.0647302904564314,-0.0009133583074218,63.89,0.0,0.7767634854771784,2.0,1.0,1.0,0.0
2020-12-06,GB,0.1875,0.0,0.0594754340598447,-0.0052548563965867,63.89,0.0,0.7728112301440709,2.0,1.0,1.0,0.0
2020-12-07,GB,0.1875,0.0,0.0718722271517302,0.0123967930918854,63.89,0.0,0.7732919254658385,2.0,1.0,1.0,0.0
2020-12-08,GB,0.1875,0.0,0.0619047619047617,-0.0099674652469683,67.59,3.700000000000003,0.7593073593073593,2.0,1.0,1.0,1.0
2020-12-13,GB,0.1875,0.0,0.0522243713733074,-0.0096803905314543,67.59,0.0,0.7756286266924565,2.0,1.0,1.0,1.0
2020-12-14,GB,0.1875,0.0,0.05968992248062,0.0074655511073126,73.15,5.560000000000002,0.778811369509044,2.0,3.0,1.0,1.0
2020-12-15,GB,0.1875,0.0,0.0596964586846542,6.536204034200688e-06,73.15,0.0,0.7770657672849915,2.0,3.0,1.0,1.0
2020-12-16,GB,0.17647,-0.01103,0.0587016574585634,-0.0009948012260908,73.15,0.0,0.774171270718232,2.0,3.0,1.0,1.0
2020-12-17,GB,0.2125,0.03603,0.066522053506869,0.0078203960483056,73.15,0.0,0.765003615328995,2.0,3.0,1.0,1.0
2020-12-18,GB,0.08108,-0.1314199999999999,0.0590225563909774,-0.0074994971158915,73.15,0.0,0.7699248120300752,2.0,3.0,1.0,1.0
2020-12-19,GB,0.17647,0.0953899999999999,0.0603297088740792,0.0013071524831017,76.85,3.6999999999999886,0.7618379515959313,3.0,3.0,1.0,2.0
2020-12-20,GB,0.17647,0.0,0.0556552962298025,-0.0046744126442766,76.85,0.0,0.7812687013764213,3.0,3.0,1.0,2.0
2020-12-21,GB,0.02183,-0.15464,0.0633590345289976,0.0077037382991951,76.85,0.0,0.7629902782433792,3.0,3.0,1.0,2.0
2020-12-22,GB,0.17647,0.15464,0.065018315018315,0.0016592804893173,76.85,0.0,0.7692307692307693,3.0,3.0,1.0,2.0
2020-12-23,GB,0.02839,-0.14808,0.0631083202511773,-0.0019099947671376,76.85,0.0,0.7695447409733124,3.0,3.0,1.0,2.0
2020-12-24,GB,0.17647,0.14808,0.0539605672777585,-0.0091477529734187,79.63,2.780000000000001,0.7644413697682463,3.0,3.0,1.0,2.0
2020-12-25,GB,0.02538,-0.15109,0.062974542206342,0.0090139749285834,75.46,-4.170000000000002,0.7673068334077713,3.0,3.0,1.0,2.0
2020-12-26,GB,0.17647,0.15109,0.0568824638592078,-0.0060920783471341,79.63,4.170000000000002,0.7891263356379635,3.0,3.0,1.0,2.0
2020-12-27,GB,0.17647,0.0,0.0728314238952536,0.0159489600360457,79.63,0.0,0.8014184397163121,3.0,3.0,1.0,2.0
2020-12-28,GB,0.1619,-0.01457,0.0622968580715058,-0.0105345658237477,79.63,0.0,0.7965872156013001,3.0,3.0,1.0,2.0
2020-12-29,GB,0.17647,0.01457,0.0644736842105262,0.0021768261390203,79.63,0.0,0.8026315789473685,3.0,3.0,1.0,2.0
2020-12-30,GB,0.09375,-0.0827199999999999,0.0684621193053108,0.0039884350947846,79.63,0.0,0.7933551472438963,3.0,3.0,1.0,2.0
2020-12-31,GB,0.05344,-0.04031,0.0682250611579233,-0.0002370581473875,79.63,0.0,0.79532481652623,3.0,3.0,1.0,2.0
2021-01-01,GB,0.17647,0.1230299999999999,0.0644095788604457,-0.0038154822974775,79.63,0.0,0.7751169832094688,3.0,3.0,1.0,2.0
2021-01-02,GB,0.0565,-0.11997,0.0629299363057324,-0.0014796425547133,79.63,0.0,0.8056050955414013,3.0,3.0,1.0,2.0
2021-01-03,GB,0.17647,0.11997,0.0698823529411763,0.0069524166354438,79.63,0.0,0.804235294117647,3.0,3.0,1.0,2.0
2021-01-04,GB,0.17647,0.0,0.0775012960082944,0.0076189430671181,79.63,0.0,0.7967858994297563,3.0,3.0,1.0,2.0
2021-01-05,GB,0.17647,0.0,0.073373087892144,-0.0041282081161504,87.96,8.329999999999998,0.7925849105522427,3.0,3.0,1.0,2.0
2021-01-06,GB,0.17647,0.0,0.0687999999999999,-0.004573087892144,87.96,0.0,0.7917333333333333,3.0,3.0,1.0,2.0
2021-01-07,GB,0.17647,0.0,0.0737521031968592,0.0049521031968593,87.96,0.0,0.7661245092540662,3.0,3.0,1.0,2.0
2021-01-08,GB,0.15,-0.0264699999999999,0.0657150552114192,-0.00803704798544,87.96,0.0,0.7640721788311339,3.0,3.0,1.0,2.0
2021-01-09,GB,0.1,-0.0499999999999999,0.0564063297600816,-0.0093087254513375,87.96,0.0,0.7822868810617662,3.0,3.0,1.0,2.0
2021-01-10,GB,0.17647,0.0764699999999999,0.0626815101645691,0.0062751804044875,87.96,0.0,0.7785575992255567,3.0,3.0,1.0,2.0
2021-01-11,GB,0.06122,-0.1152499999999999,0.0668245198631938,0.0041430096986246,87.96,0.0,0.7629571165482768,3.0,3.0,1.0,2.0
2021-01-12,GB,0.17647,0.1152499999999999,0.0637949836423118,-0.0030295362208819,87.96,0.0,0.7669029443838604,3.0,3.0,1.0,2.0
2021-01-13,GB,0.1764700000000001,1.1102230246251563e-16,0.0682365533850681,0.0044415697427562,87.96,0.0,0.7690660957987691,3.0,3.0,1.0,2.0
2021-01-14,GB,0.1764700000000002,1.1102230246251563e-16,0.0654283337953977,-0.0028082195896703,87.96,0.0,0.7593568062101469,3.0,3.0,1.0,2.0
2021-01-15,GB,0.17647,-2.220446049250313e-16,0.0690846286701208,0.0036562948747231,87.96,0.0,0.7518710420264825,3.0,3.0,1.0,2.0
2021-01-16,GB,0.1764700000000001,1.1102230246251563e-16,0.058222958057395,-0.0108616706127257,87.96,0.0,0.7546909492273731,3.0,3.0,1.0,2.0
2021-01-17,GB,0.13514,-0.04133,0.0651483050847457,0.0069253470273506,87.96,0.0,0.7613877118644068,3.0,3.0,1.0,2.0
2021-01-18,GB,0.1351400000000001,8.326672684688674e-17,0.0643291799478411,-0.0008191251369046,87.96,0.0,0.760069545059403,3.0,3.0,1.0,2.0
2021-01-19,GB,0.17647,0.0413299999999998,0.0592828224407171,-0.0050463575071239,87.96,0.0,0.7608444187391555,3.0,3.0,1.0,2.0
2021-01-20,GB,0.17647,0.0,0.0692241130660512,0.009941290625334,87.96,0.0,0.7603115085087973,3.0,3.0,1.0,2.0
2021-01-21,GB,0.17647,0.0,0.0625178418498429,-0.0067062712162082,87.96,0.0,0.7730516699971453,3.0,3.0,1.0,2.0
2021-01-22,GB,0.2963,0.11983,0.0725308641975307,0.0100130223476877,87.96,0.0,0.7373456790123457,3.0,3.0,1.0,2.0
2021-01-23,GB,0.17647,-0.11983,0.0544157002676181,-0.0181151639299126,87.96,0.0,0.7692536425810288,3.0,3.0,1.0,2.0
2021-01-24,GB,0.10448,-0.0719899999999999,0.0519404727166617,-0.0024752275509564,87.96,0.0,0.7683104756346659,3.0,3.0,1.0,2.0
2021-01-25,GB,0.17647,0.0719899999999999,0.0701647345942647,0.018224261877603,87.96,0.0,0.7745576571079926,3.0,3.0,1.0,2.0
2021-01-26,GB,0.17647,0.0,0.059584712609088,-0.0105800219851766,87.96,0.0,0.773999398134216,3.0,3.0,1.0,2.0
2021-01-27,GB,0.17647,0.0,0.0583153347732181,-0.0012693778358699,87.96,0.0,0.7590249922863314,3.0,3.0,1.0,2.0
2021-01-28,GB,0.17647,0.0,0.0664462809917354,0.0081309462185173,87.96,0.0,0.7619834710743801,3.0,3.0,1.0,2.0
2021-01-29,GB,0.17647,0.0,0.0585348755695758,-0.0079114054221595,87.96,0.0,0.7602523659305994,3.0,3.0,1.0,2.0
2021-01-30,GB,0.17647,0.0,0.0630420280186791,0.0045071524491032,87.96,0.0,0.7484989993328885,3.0,3.0,1.0,2.0
2021-01-31,GB,0.17647,0.0,0.0657472738935214,0.0027052458748423,87.96,0.0,0.758819756254009,3.0,3.0,1.0,2.0
2021-02-01,GB,0.17647,0.0,0.0597701149425285,-0.0059771589509928,87.96,0.0,0.7394636015325671,3.0,3.0,1.0,2.0
2021-02-02,GB,0.17647,0.0,0.0542146305235795,-0.005555484418949,87.96,0.0,0.7582621611585593,3.0,3.0,1.0,2.0
2021-02-03,GB,0.17647,0.0,0.055732024256425,0.0015173937328454,87.96,0.0,0.7499278082587352,3.0,3.0,1.0,2.0
2021-02-04,GB,0.17647,0.0,0.0518152978498413,-0.0039167264065836,87.96,0.0,0.7514980613323934,3.0,3.0,1.0,2.0
2021-02-05,GB,0.55556,0.37909,0.0602230483271375,0.0084077504772961,87.96,0.0,0.7468401486988847,3.0,3.0,1.0,2.0
2021-02-06,GB,0.17647,-0.37909,0.0682534126706334,0.0080303643434958,87.96,0.0,0.7402870143507175,3.0,3.0,1.0,2.0
2021-02-07,GB,0.17647,0.0,0.057181298351833,-0.0110721143188003,87.96,0.0,0.7473932055163135,3.0,3.0,1.0,2.0
2021-02-08,GB,0.1791,0.00263,0.0536550234065538,-0.0035262749452791,87.96,0.0,0.7562117392870004,3.0,3.0,1.0,2.0
2021-02-09,GB,0.17647,-0.00263,0.0528634361233479,-0.0007915872832058,87.96,0.0,0.7602790014684288,3.0,3.0,1.0,2.0
2021-02-10,GB,0.17647,0.0,0.0478395061728394,-0.0050239299505085,87.96,0.0,0.7422839506172839,3.0,3.0,1.0,2.0
2021-02-11,GB,0.1764700000000001,1.1102230246251563e-16,0.0550059358923624,0.0071664297195229,87.96,0.0,0.7388207360506529,3.0,3.0,1.0,2.0
2021-02-12,GB,0.1764700000000001,0.0,0.0518867924528301,-0.0031191434395322,87.96,0.0,0.7329664570230608,3.0,3.0,1.0,2.0
2021-02-13,GB,0.1764700000000002,1.1102230246251563e-16,0.0485522082480256,-0.0033345842048045,87.96,0.0,0.7481719801111436,3.0,3.0,1.0,2.0
2021-02-14,GB,0.17647,-2.220446049250313e-16,0.0499001996007983,0.0013479913527726,87.96,0.0,0.7641383898868929,3.0,3.0,1.0,2.0
2021-02-15,GB,0.17647,0.0,0.0550964187327823,0.005196219131984,87.96,0.0,0.7558539944903582,3.0,3.0,1.0,2.0
2021-02-16,GB,0.1764700000000001,1.1102230246251563e-16,0.0497427101200685,-0.0053537086127138,87.96,0.0,0.7451114922813036,3.0,3.0,1.0,2.0
2021-02-17,GB,0.17647,-1.1102230246251563e-16,0.0592515592515592,0.0095088491314907,87.96,0.0,0.7428967428967429,3.0,3.0,1.0,2.0
2021-02-18,GB,0.17647,0.0,0.0590253946465339,-0.0002261646050253,87.96,0.0,0.7529169526424159,3.0,3.0,1.0,2.0
2021-02-19,GB,0.1764700000000001,1.1102230246251563e-16,0.0490687679083094,-0.0099566267382244,87.96,0.0,0.7446275071633238,3.0,3.0,1.0,2.0
2021-02-20,GB,0.17143,-0.0050400000000001,0.0653357531760435,0.016266985267734,87.96,0.0,0.7448275862068966,3.0,3.0,1.0,2.0
2021-02-21,GB,0.1714300000000001,1.1102230246251563e-16,0.0544968238047474,-0.010838929371296,87.96,0.0,0.7639585422935473,3.0,3.0,1.0,2.0
2021-02-23,GB,0.16667,-0.00476,0.0514944184371623,-0.0030024053675851,86.11,-1.8499999999999943,0.7205617572920417,3.0,3.0,1.0,2.0
2021-02-24,GB,0.1666700000000001,8.326672684688674e-17,0.061774616248596,0.0102801978114336,86.11,0.0,0.7461624859603145,3.0,3.0,1.0,2.0
2021-02-25,GB,0.075,-0.0916700000000001,0.0569136745607333,-0.0048609416878626,86.11,0.0,0.7372039724980901,3.0,3.0,1.0,2.0
2021-02-26,GB,0.075,0.0,0.0531697341513291,-0.0037439404094042,86.11,0.0,0.7329243353783231,3.0,3.0,1.0,2.0
2021-02-28,GB,0.16667,0.09167,0.0514731984380546,-0.0016965357132744,86.11,0.0,0.7532836350727724,3.0,3.0,1.0,2.0
2021-03-01,GB,0.16667,0.0,0.0163934426229508,-0.0350797558151038,86.11,0.0,0.6557377049180327,3.0,3.0,1.0,2.0
2021-03-02,GB,0.1666700000000002,1.9428902930940242e-16,0.0532494758909853,0.0368560332680344,86.11,0.0,0.7362683438155136,3.0,3.0,1.0,2.0
2021-03-04,GB,0.16667,-1.9428902930940242e-16,0.051373954599761,-0.0018755212912242,86.11,0.0,0.718837116686579,3.0,3.0,1.0,2.0
2021-03-06,GB,0.1666700000000002,1.9428902930940242e-16,0.0470633994554647,-0.0043105551442962,86.11,0.0,0.7304550758459744,3.0,3.0,1.0,2.0
2021-03-07,GB,0.1666700000000002,0.0,0.0602150537634408,0.0131516543079761,86.11,0.0,0.7577060931899642,3.0,3.0,1.0,2.0
2021-03-08,GB,0.1666700000000001,-1.1102230246251563e-16,0.0532736884912564,-0.0069413652721843,82.41,-3.700000000000003,0.7437982919886132,3.0,2.0,1.0,2.0
2021-03-09,GB,0.1666700000000001,0.0,0.0488110137672089,-0.0044626747240475,82.41,0.0,0.7329995828118482,3.0,2.0,1.0,2.0
2021-03-10,GB,0.16667,-8.326672684688674e-17,0.0483806477409035,-0.0004303660263053,82.41,0.0,0.7433026789284286,3.0,2.0,1.0,2.0
2021-03-11,GB,0.1666700000000001,8.326672684688674e-17,0.0582978723404254,0.0099172245995219,82.41,0.0,0.74,3.0,2.0,1.0,2.0
2021-03-13,GB,0.1666700000000002,1.1102230246251563e-16,0.0506970849176172,-0.0076007874228082,80.56,-1.8499999999999943,0.7211660329531052,3.0,2.0,1.0,2.0
2021-03-14,GB,0.0,-0.1666700000000002,0.0554614733276883,0.004764388410071,80.56,0.0,0.7358171041490262,3.0,2.0,1.0,2.0
2021-03-15,GB,0.16667,0.16667,0.0448768864177918,-0.0105845869098964,78.7,-1.8599999999999992,0.7640984908657665,3.0,2.0,1.0,2.0
2021-03-16,GB,0.1666700000000001,8.326672684688674e-17,0.0582699963807455,0.0133931099629537,78.7,0.0,0.7477379659790083,3.0,2.0,1.0,2.0
2021-03-17,GB,0.1666700000000002,1.1102230246251563e-16,0.0501531393568146,-0.0081168570239308,78.7,0.0,0.7480857580398163,3.0,2.0,1.0,2.0
2021-03-18,GB,0.1666700000000003,8.326672684688674e-17,0.0436404326743751,-0.0065127066824395,78.7,0.0,0.7433793360686312,3.0,2.0,1.0,2.0
2021-03-19,GB,0.1666700000000002,-8.326672684688674e-17,0.0555130168453292,0.011872584170954,78.7,0.0,0.7224349157733537,3.0,2.0,1.0,2.0
2021-03-20,GB,0.1666700000000002,0.0,0.0562293274531421,0.0007163106078129,78.7,0.0,0.7386990077177509,3.0,2.0,1.0,2.0
2021-03-23,GB,0.1666700000000001,-1.1102230246251563e-16,0.0648714810281517,0.0086421535750095,78.7,0.0,0.7417380660954712,3.0,2.0,1.0,2.0
2021-03-24,GB,0.16667,-8.326672684688674e-17,0.0609756097560975,-0.0038958712720542,78.7,0.0,0.7384356602186711,3.0,2.0,1.0,2.0
2021-03-27,GB,0.1666700000000001,8.326672684688674e-17,0.0544925124792012,-0.0064830972768962,70.37,-8.329999999999998,0.7383527454242929,3.0,2.0,1.0,2.0
2021-03-28,GB,0.1666700000000001,0.0,0.0532724505327245,-0.0012200619464766,70.37,0.0,0.7461948249619482,3.0,2.0,1.0,2.0
2021-03-30,GB,0.1666700000000002,1.1102230246251563e-16,0.0545302013422818,0.0012577508095572,70.37,0.0,0.7399328859060402,3.0,2.0,1.0,2.0
2021-03-31,GB,0.1666700000000002,0.0,0.051663747810858,-0.0028664535314237,70.37,0.0,0.7478108581436077,3.0,2.0,1.0,2.0
2021-04-01,GB,0.1666700000000002,0.0,0.0501061571125264,-0.0015575906983315,70.37,0.0,0.7290870488322717,3.0,2.0,1.0,2.0
2021-04-02,GB,0.1666700000000002,0.0,0.0398305084745762,-0.0102756486379502,70.37,0.0,0.7627118644067796,3.0,2.0,1.0,2.0
2021-04-03,GB,0.1666700000000002,0.0,0.0489451476793248,0.0091146392047486,70.37,0.0,0.7523206751054853,3.0,2.0,1.0,2.0
2021-04-04,GB,0.1666700000000002,0.0,0.0515723270440251,0.0026271793647002,70.37,0.0,0.7647798742138365,3.0,2.0,1.0,2.0
2021-04-05,GB,0.1666700000000002,0.0,0.0520474550325295,0.0004751279885044,70.37,0.0,0.776884806735553,3.0,2.0,1.0,2.0
2021-04-06,GB,0.1666700000000002,0.0,0.0499795165915608,-0.0020679384409687,70.37,0.0,0.7857435477263417,3.0,2.0,1.0,2.0
2021-04-07,GB,0.1666700000000002,0.0,0.0552699228791772,0.0052904062876164,70.37,0.0,0.7750642673521851,3.0,2.0,1.0,2.0
2021-04-08,GB,0.1666700000000002,0.0,0.0534382767191382,-0.001831646160039,70.37,0.0,0.7618061309030655,3.0,2.0,1.0,2.0
2021-04-09,GB,0.1666700000000002,0.0,0.061157796451914,0.0077195197327757,70.37,0.0,0.7558356676003735,3.0,2.0,1.0,2.0
2021-04-10,GB,0.1666700000000002,0.0,0.0602901178603807,-0.0008676785915332,70.37,0.0,0.7533998186763372,3.0,2.0,1.0,2.0
2021-04-11,GB,0.1666700000000002,0.0,0.0624999999999999,0.0022098821396192,70.37,0.0,0.7700892857142857,3.0,2.0,1.0,2.0
2021-04-12,GB,0.1666700000000002,0.0,0.0500242836328314,-0.0124757163671685,61.11,-9.260000000000003,0.7712481787275376,2.0,1.0,1.0,0.0
2021-04-13,GB,0.1666700000000002,0.0,0.0447901933050447,-0.0052340903277867,61.11,0.0,0.7524752475247525,2.0,1.0,1.0,0.0
2021-04-14,GB,0.1666700000000002,0.0,0.0604672469079248,0.0156770536028801,61.11,0.0,0.7540082455336693,2.0,1.0,1.0,0.0
2021-04-15,GB,0.1666700000000002,0.0,0.0508646998982705,-0.0096025470096543,61.11,0.0,0.7502543234994914,2.0,1.0,1.0,0.0
2021-04-16,GB,0.1666700000000002,0.0,0.0505920344456404,-0.00027266545263,61.11,0.0,0.732508073196986,2.0,1.0,1.0,0.0
2021-04-17,GB,0.1666700000000002,0.0,0.0508474576271186,0.0002554231814781,61.11,0.0,0.7354904982023626,2.0,1.0,1.0,0.0
2021-04-18,GB,0.1666700000000002,0.0,0.0429501084598697,-0.0078973491672489,61.11,0.0,0.7318872017353579,2.0,1.0,1.0,0.0
2021-04-19,GB,0.16667,-1.9428902930940242e-16,0.0502092050209204,0.0072590965610507,61.11,0.0,0.7578451882845189,2.0,1.0,1.0,0.0
2021-04-20,GB,0.1666700000000002,1.9428902930940242e-16,0.0411826821541709,-0.0090265228667494,61.11,0.0,0.737064413938754,2.0,1.0,1.0,0.0
2021-04-21,GB,0.1666700000000002,0.0,0.0591748099891422,0.0179921278349712,61.11,0.0,0.7312703583061889,2.0,1.0,1.0,0.0
2021-04-22,GB,0.1666700000000002,0.0,0.0633727175080557,0.0041979075189135,61.11,0.0,0.7524167561761547,2.0,1.0,1.0,0.0
2021-04-23,GB,0.1666700000000002,0.0,0.0448979591836733,-0.0184747583243824,61.11,0.0,0.7323615160349854,2.0,1.0,1.0,0.0
2021-04-24,GB,0.1666700000000002,0.0,0.0433001755412521,-0.0015977836424211,61.11,0.0,0.7255705090696314,2.0,1.0,1.0,0.0
2021-04-25,GB,0.1666700000000002,0.0,0.0421052631578946,-0.0011949123833575,61.11,0.0,0.7263157894736842,2.0,1.0,1.0,0.0
2021-04-26,GB,0.1666700000000002,0.0,0.047945205479452,0.0058399423215573,61.11,0.0,0.7513171759747103,2.0,1.0,1.0,0.0
2021-04-27,GB,0.1666700000000002,0.0,0.0521064301552105,0.0041612246757585,61.11,0.0,0.753880266075388,2.0,1.0,1.0,0.0
2021-04-28,GB,0.1666700000000002,0.0,0.0398921832884096,-0.0122142468668009,61.11,0.0,0.7331536388140162,2.0,1.0,1.0,0.0
2021-04-29,GB,0.1666700000000003,8.326672684688674e-17,0.0467233009708736,0.006831117682464,61.11,0.0,0.7299757281553398,2.0,1.0,1.0,0.0
2021-04-30,GB,0.1666700000000003,0.0,0.0512635379061371,0.0045402369352634,61.11,0.0,0.7220216606498195,2.0,1.0,1.0,0.0
2021-05-01,GB,0.1666700000000003,0.0,0.0491694352159468,-0.0020941026901903,61.11,0.0,0.717607973421927,2.0,1.0,1.0,0.0
2021-05-02,GB,0.1,-0.0666700000000002,0.0564034505640344,0.0072340153480876,61.11,0.0,0.7465162574651626,2.0,1.0,1.0,0.0
2021-05-03,GB,0.1000000000000002,1.9428902930940242e-16,0.0513392857142857,-0.0050641648497487,59.72,-1.3900000000000006,0.7572544642857143,2.0,1.0,1.0,0.0
2021-05-04,GB,0.1000000000000002,0.0,0.0534550195567143,0.0021157338424286,59.72,0.0,0.7457627118644068,2.0,1.0,1.0,0.0
2021-05-05,GB,0.1000000000000002,0.0,0.0477863668306393,-0.0056686527260749,59.72,0.0,0.7427969079409698,2.0,1.0,1.0,0.0
2021-05-06,GB,0.1000000000000002,0.0,0.0527838033261026,0.0049974364954632,59.72,0.0,0.74765003615329,2.0,1.0,1.0,0.0
2021-05-07,GB,0.16667,0.0666699999999998,0.0563475899524779,0.0035637866263752,59.72,0.0,0.7155465037338764,2.0,1.0,1.0,0.0
2021-05-08,GB,0.1666700000000003,2.775557561562891e-16,0.0485854858548585,-0.0077621040976193,59.72,0.0,0.7269372693726938,2.0,1.0,1.0,0.0
2021-05-09,GB,0.1666700000000003,0.0,0.0472392638036809,-0.0013462220511775,59.72,0.0,0.7484662576687117,2.0,1.0,1.0,0.0
2021-05-10,GB,0.1666700000000003,0.0,0.0515796260477111,0.0043403622440301,59.72,0.0,0.769825918762089,2.0,1.0,1.0,0.0
2021-05-11,GB,0.1666700000000003,0.0,0.0523776705720192,0.000798044524308,59.72,0.0,0.7263955892487939,2.0,1.0,1.0,0.0
2021-05-12,GB,0.1666700000000002,-8.326672684688674e-17,0.0551290997906489,0.0027514292186297,59.72,0.0,0.7404047452896022,2.0,1.0,1.0,0.0
2021-05-13,GB,0.1666700000000002,0.0,0.0628019323671497,0.0076728325765008,59.72,0.0,0.7336093857832988,2.0,1.0,1.0,0.0
2021-05-14,GB,0.1666700000000002,0.0,0.0533428165007111,-0.0094591158664385,59.72,0.0,0.732574679943101,2.0,1.0,1.0,0.0
2021-05-15,GB,0.1666700000000003,8.326672684688674e-17,0.0541422048271362,0.000799388326425,59.72,0.0,0.735812133072407,2.0,1.0,1.0,0.0
2021-05-16,GB,0.1666700000000003,0.0,0.0501710376282781,-0.0039711671988581,59.72,0.0,0.7445838084378563,2.0,1.0,1.0,0.0
2021-05-17,GB,0.1666700000000003,0.0,0.0482846251588309,-0.0018864124694471,62.5,2.780000000000001,0.7426937738246506,2.0,1.0,1.0,0.0
2021-05-18,GB,0.1666700000000003,0.0,0.0489949748743717,0.0007103497155407,62.5,0.0,0.7342964824120602,2.0,1.0,1.0,0.0
2021-05-19,GB,0.1666700000000003,0.0,0.0504840940525587,0.001489119178187,62.5,0.0,0.7226832641770401,2.0,1.0,1.0,0.0
2021-05-20,GB,0.1666700000000003,0.0,0.0519568151147098,0.0014727210621511,62.5,0.0,0.0614035087719298,2.0,1.0,1.0,0.0
2021-05-21,GB,0.1666700000000003,0.0,0.0565780504430809,0.0046212353283711,62.5,0.0,0.0749829584185412,2.0,1.0,1.0,0.0
2021-05-22,GB,0.1666700000000003,0.0,0.0583554376657824,0.0017773872227014,62.5,0.0,0.0795755968169761,2.0,1.0,1.0,0.0
2021-05-23,GB,0.1666700000000003,0.0,0.0524710189139719,-0.0058844187518104,62.5,0.0,0.0774862721171446,2.0,1.0,1.0,0.0
2021-05-24,GB,0.1666700000000003,0.0,0.0566037735849056,0.0041327546709336,62.5,0.0,0.0811320754716981,2.0,1.0,1.0,0.0
2021-05-25,GB,0.1666700000000003,0.0,0.0406824146981626,-0.015921358886743,62.5,0.0,0.0846456692913385,2.0,1.0,1.0,0.0
2021-05-26,GB,0.1666700000000003,0.0,0.0539640239840105,0.0132816092858479,62.5,0.0,0.0792804796802131,2.0,1.0,1.0,0.0
2021-05-27,GB,0.1666700000000003,0.0,0.0508960573476702,-0.0030679666363402,62.5,0.0,0.0709677419354838,2.0,1.0,1.0,0.0
2021-05-28,GB,0.1666700000000003,0.0,0.0438472418670436,-0.0070488154806265,62.5,0.0,0.0827439886845827,2.0,1.0,1.0,0.0
2021-05-29,GB,0.1666700000000003,0.0,0.049234863606121,0.0053876217390773,62.5,0.0,0.0765136393878908,2.0,1.0,1.0,0.0
2021-05-30,GB,0.1666700000000003,0.0,0.0483460559796437,-0.0008888076264772,62.5,0.0,0.0687022900763358,2.0,1.0,1.0,0.0
2021-06-01,GB,0.1666700000000003,0.0,0.0544217687074829,0.0060757127278392,62.5,0.0,0.0667903525046382,2.0,1.0,1.0,0.0
2021-06-02,GB,0.1666700000000003,0.0,0.0541516245487364,-0.0002701441587465,62.5,0.0,0.0734055354993983,2.0,1.0,1.0,0.0
2021-06-03,GB,0.1666700000000003,0.0,0.0471464019851116,-0.0070052225636247,62.5,0.0,0.0843672456575682,2.0,1.0,1.0,0.0
2021-06-04,GB,0.1666700000000003,0.0,0.0484276729559747,0.001281270970863,62.5,0.0,0.0792452830188679,2.0,1.0,1.0,0.0
2021-06-05,GB,0.1666700000000003,0.0,0.0522113022113021,0.0037836292553274,51.39,-11.11,0.0761670761670761,2.0,1.0,1.0,0.0
2021-06-06,GB,0.1666700000000003,0.0,0.0567975830815709,0.0045862808702688,51.39,0.0,0.0870090634441087,2.0,1.0,1.0,0.0
2021-06-07,GB,0.15,-0.0166700000000002,0.058175137783221,0.00137755470165,51.39,0.0,0.0802204531537048,2.0,1.0,1.0,0.0
2021-06-08,GB,0.1500000000000003,3.05311331771918e-16,0.0531914893617019,-0.004983648421519,51.39,0.0,0.0750938673341677,2.0,1.0,1.0,0.0
2021-06-09,GB,0.1500000000000003,0.0,0.0544394037589111,0.0012479143972091,51.39,0.0,0.0823071937783538,2.0,1.0,1.0,0.0
2021-06-10,GB,0.1500000000000003,0.0,0.053133514986376,-0.001305888772535,51.39,0.0,0.0798492117888965,2.0,1.0,1.0,0.0
2021-06-11,GB,0.1500000000000003,0.0,0.0489604292421193,-0.0041730857442567,51.39,0.0,0.0818242790073776,2.0,1.0,1.0,0.0
2021-06-12,GB,0.1500000000000003,0.0,0.046449900464499,-0.0025105287776202,51.39,0.0,0.0822826808228268,2.0,1.0,1.0,0.0
2021-06-13,GB,0.1500000000000003,0.0,0.062001227747084,0.0155513272825849,51.39,0.0,0.0159607120933087,2.0,1.0,1.0,0.0
2021-06-14,GB,0.1500000000000003,0.0,0.0568603213844251,-0.0051409063626588,51.39,0.0,0.0061804697156983,2.0,1.0,1.0,0.0
2021-06-15,GB,0.1500000000000003,0.0,0.0661478599221789,0.0092875385377538,51.39,0.0,0.0616083009079118,2.0,1.0,1.0,0.0
2021-06-16,GB,0.1500000000000003,0.0,0.0548119821542382,-0.0113358777679407,51.39,0.0,0.070108349267049,2.0,1.0,1.0,0.0
2021-06-17,GB,0.1500000000000003,0.0,0.0460189919649378,-0.0087929901893003,51.39,0.0,0.0737764791818845,2.0,1.0,1.0,0.0
2021-06-18,GB,0.1500000000000003,0.0,0.0526810912511758,0.0066620992862379,51.39,0.0,0.0752587017873941,2.0,1.0,1.0,0.0
2021-06-19,GB,0.1500000000000003,0.0,0.0608604407135361,0.0081793494623602,51.39,0.0,0.0010493179433368,2.0,1.0,1.0,0.0
2021-06-20,GB,0.1500000000000003,0.0,0.0538687561214495,-0.0069916845920866,51.39,0.0,0.0,2.0,1.0,1.0,0.0
2021-06-21,GB,0.1500000000000003,0.0,0.0579150579150578,0.0040463017936082,51.39,0.0,0.0,2.0,1.0,1.0,0.0
2021-06-22,GB,0.1500000000000003,0.0,0.0543130990415334,-0.0036019588735244,51.39,0.0,0.0,2.0,1.0,1.0,0.0
2021-06-23,GB,0.1500000000000003,0.0,0.0631469979296066,0.0088338988880731,51.39,0.0,0.0,2.0,1.0,1.0,0.0
2021-06-24,GB,0.1500000000000003,0.0,0.0703781512605041,0.0072311533308975,51.39,0.0,0.0,2.0,1.0,1.0,0.0
2021-06-25,GB,0.1500000000000003,0.0,0.0520169851380042,-0.0183611661224999,51.39,0.0,0.0,2.0,1.0,1.0,0.0
2021-06-26,GB,0.1500000000000003,0.0,0.0630841121495327,0.0110671270115285,51.39,0.0,0.0,2.0,1.0,1.0,0.0
2021-06-27,GB,0.1500000000000003,0.0,0.0584095707248415,-0.0046745414246912,51.39,0.0,0.0,2.0,1.0,1.0,0.0
2021-06-28,GB,0.1500000000000003,0.0,0.0533783783783783,-0.0050311923464632,51.39,0.0,0.0,2.0,1.0,1.0,0.0
2021-06-29,GB,0.1500000000000003,0.0,0.0503978779840848,-0.0029805003942934,51.39,0.0,0.0,2.0,1.0,1.0,0.0
2021-06-30,GB,0.1500000000000003,0.0,0.067174515235457,0.0167766372513722,51.39,0.0,0.0,2.0,1.0,1.0,0.0
