rank,estado,fase,nivel_contagio,visitas,d_pi,d_pi_descontada
1,c=B dc=- h=B dh=- L=A dL=+ preo=B,calma,B,2090921,0.122110,0.048534
2,c=M dc=+ h=B dh=+ L=B dL=- preo=B,prop_rapida,M,1895185,0.112521,0.071660
3,c=M dc=+ h=B dh=- L=B dL=- preo=B,prop_rapida,M,1660887,0.101288,0.043656
4,c=B dc=- h=B dh=+ L=A dL=+ preo=B,calma,B,1561634,0.085014,0.063749
5,c=M dc=+ h=B dh=0 L=B dL=- preo=B,prop_rapida,M,1012387,0.059918,0.027348
6,c=B dc=- h=B dh=0 L=A dL=+ preo=B,calma,B,991023,0.057753,0.024455
7,c=M dc=+ h=M dh=+ L=B dL=- preo=B,prop_rapida,M,678853,0.048274,0.013352
8,c=B dc=- h=M dh=+ L=A dL=+ preo=B,calma,B,545000,0.035507,0.010560
9,c=B dc=- h=M dh=- L=A dL=+ preo=B,calma,B,326612,0.021945,0.007700
10,c=B dc=+ h=B dh=- L=B dL=- preo=B,prop_lenta,B,532047,0.021342,0.021707
11,c=B dc=- h=B dh=- L=M dL=+ preo=B,calma,B,413846,0.020411,0.014382
12,c=M dc=+ h=M dh=- L=B dL=- preo=B,prop_rapida,M,259547,0.020027,0.005741
13,c=B dc=+ h=B dh=+ L=B dL=- preo=B,prop_lenta,B,388683,0.017781,0.013947
14,c=M dc=- h=B dh=- L=A dL=+ preo=B,calma,M,275837,0.016438,0.005710
15,c=B dc=- h=M dh=0 L=A dL=+ preo=B,calma,B,232508,0.016329,0.004037
16,c=M dc=+ h=M dh=0 L=B dL=- preo=B,prop_rapida,M,233442,0.015671,0.004724
17,c=B dc=- h=B dh=+ L=A dL=0 preo=B,calma,B,161406,0.012658,0.009913
18,c=B dc=- h=B dh=+ L=M dL=+ preo=B,calma,B,247360,0.012164,0.011663
19,c=B dc=+ h=B dh=0 L=B dL=- preo=B,prop_lenta,B,231322,0.010466,0.008372
20,c=M dc=- h=B dh=+ L=A dL=+ preo=B,calma,M,225552,0.009890,0.013732
21,c=B dc=+ h=M dh=+ L=B dL=- preo=B,prop_lenta,B,205000,0.009370,0.002521
22,c=B dc=- h=B dh=0 L=M dL=+ preo=B,calma,B,161749,0.008986,0.007153
23,c=B dc=- h=B dh=- L=A dL=0 preo=B,calma,B,104019,0.008493,0.003637
24,c=B dc=- h=M dh=+ L=M dL=+ preo=B,calma,B,133108,0.007233,0.002735
25,c=M dc=- h=B dh=0 L=A dL=+ preo=B,calma,M,137325,0.007096,0.003992
26,c=A dc=+ h=B dh=+ L=B dL=- preo=B,emergencia,A,114824,0.007041,0.013798
27,c=B dc=- h=B dh=0 L=A dL=0 preo=B,calma,B,77160,0.006164,0.003965
28,c=B dc=+ h=M dh=- L=B dL=- preo=B,prop_lenta,B,139883,0.006027,0.006054
29,c=B dc=- h=M dh=- L=M dL=+ preo=B,calma,B,113376,0.005479,0.002197
30,c=A dc=+ h=B dh=- L=B dL=- preo=B,emergencia,A,83769,0.005479,0.002422
31,c=B dc=+ h=M dh=0 L=B dL=- preo=B,prop_lenta,B,97558,0.004575,0.001502
32,c=B dc=- h=M dh=0 L=M dL=+ preo=B,calma,B,70672,0.003397,0.001490
33,c=B dc=0 h=B dh=- L=M dL=+ preo=B,calma,B,88982,0.003370,0.004530
34,c=A dc=+ h=B dh=0 L=B dL=- preo=B,emergencia,A,55635,0.003315,0.001307
35,c=M dc=- h=M dh=+ L=A dL=+ preo=B,calma,M,59307,0.003288,0.001944
36,c=B dc=- h=M dh=- L=A dL=+ preo=M,calma,B,47389,0.002822,0.004055
37,c=B dc=- h=M dh=+ L=A dL=0 preo=B,calma,B,28727,0.002548,0.000789
38,c=M dc=- h=M dh=- L=A dL=+ preo=B,calma,M,25857,0.002219,0.000638
39,c=B dc=0 h=B dh=+ L=M dL=+ preo=B,calma,B,46943,0.002219,0.002238
40,c=A dc=+ h=M dh=+ L=B dL=- preo=B,emergencia,A,31234,0.002110,0.001804
41,c=B dc=- h=A dh=- L=A dL=+ preo=A,emergencia,B,116371,0.002055,0.016771
42,c=B dc=- h=M dh=+ L=A dL=- preo=B,calma,B,25536,0.001973,0.001271
43,c=B dc=0 h=B dh=0 L=M dL=+ preo=B,calma,B,30362,0.001644,0.002141
44,c=B dc=- h=M dh=+ L=A dL=+ preo=M,calma,B,22685,0.001507,0.001824
45,c=B dc=0 h=M dh=+ L=M dL=+ preo=B,calma,B,21701,0.001507,0.000897
46,c=B dc=- h=M dh=- L=M dL=- preo=M,calma,B,24631,0.001452,0.003306
47,c=B dc=- h=A dh=+ L=A dL=+ preo=A,emergencia,B,23027,0.001452,0.016707
48,c=B dc=+ h=A dh=- L=B dL=- preo=A,emergencia,B,55609,0.001397,0.011213
49,c=M dc=- h=M dh=0 L=A dL=+ preo=B,calma,M,22295,0.001315,0.000435
50,c=B dc=- h=M dh=0 L=A dL=+ preo=M,calma,B,16959,0.001288,0.001384
51,c=B dc=- h=M dh=- L=M dL=- preo=B,calma,B,20222,0.001233,0.001145
52,c=A dc=- h=B dh=+ L=A dL=+ preo=A,emergencia,A,5957,0.001151,0.019399
53,c=B dc=- h=M dh=0 L=A dL=- preo=B,calma,B,12296,0.001123,0.000518
54,c=B dc=- h=B dh=- L=A dL=- preo=B,calma,B,36167,0.001123,0.000157
55,c=B dc=0 h=A dh=- L=B dL=- preo=A,emergencia,B,33306,0.001096,0.009101
56,c=B dc=0 h=A dh=- L=A dL=+ preo=A,emergencia,B,34668,0.001068,0.008717
57,c=A dc=+ h=M dh=0 L=B dL=- preo=B,emergencia,A,7903,0.001068,0.000319
58,c=A dc=0 h=B dh=0 L=B dL=0 preo=A,emergencia,A,287,0.001041,0.019000
59,c=B dc=- h=M dh=+ L=M dL=- preo=B,calma,B,20830,0.000986,0.000630
60,c=M dc=- h=M dh=- L=A dL=+ preo=M,calma,M,14487,0.000959,0.000579
61,c=B dc=0 h=M dh=- L=M dL=+ preo=B,calma,B,19961,0.000904,0.000957
62,c=B dc=- h=M dh=- L=A dL=- preo=B,calma,B,12136,0.000904,0.000607
63,c=A dc=- h=B dh=+ L=A dL=- preo=A,emergencia,A,3218,0.000795,0.012866
64,c=B dc=- h=A dh=- L=A dL=+ preo=M,emergencia,B,14396,0.000767,0.004552
65,c=M dc=- h=B dh=+ L=A dL=+ preo=A,calma,M,1846,0.000767,0.011812
66,c=B dc=- h=B dh=- L=A dL=+ preo=M,calma,B,13000,0.000767,0.001497
67,c=B dc=- h=B dh=- L=M dL=- preo=B,calma,B,25448,0.000740,0.000568
68,c=A dc=+ h=M dh=- L=B dL=- preo=B,emergencia,A,7993,0.000740,0.000057
69,c=A dc=- h=B dh=+ L=A dL=+ preo=B,emergencia,A,7011,0.000712,0.011074
70,c=B dc=- h=M dh=0 L=M dL=- preo=B,calma,B,13290,0.000658,0.000514
71,c=M dc=+ h=B dh=+ L=B dL=- preo=A,prop_rapida,M,2126,0.000630,0.009007
72,c=B dc=- h=A dh=+ L=M dL=- preo=A,emergencia,B,5895,0.000603,0.006877
73,c=B dc=0 h=M dh=- L=M dL=- preo=M,calma,B,11668,0.000603,0.001041
74,c=B dc=0 h=M dh=- L=M dL=- preo=B,calma,B,12816,0.000575,0.000322
75,c=M dc=+ h=M dh=- L=B dL=- preo=M,prop_rapida,M,8974,0.000575,0.002297
76,c=B dc=- h=A dh=+ L=A dL=+ preo=M,emergencia,B,6797,0.000575,0.003211
77,c=B dc=- h=B dh=+ L=A dL=+ preo=A,calma,B,2595,0.000575,0.008549
78,c=A dc=0 h=B dh=0 L=B dL=0 preo=B,emergencia,A,254,0.000575,0.010500
79,c=B dc=- h=M dh=+ L=M dL=- preo=M,calma,B,12826,0.000548,0.001918
80,c=M dc=- h=M dh=+ L=A dL=+ preo=M,calma,M,13175,0.000548,0.000993
81,c=A dc=- h=A dh=+ L=A dL=+ preo=A,emergencia,A,31538,0.000521,0.007026
82,c=B dc=0 h=M dh=0 L=M dL=+ preo=B,calma,B,11784,0.000521,0.000281
83,c=B dc=+ h=B dh=- L=M dL=+ preo=B,prop_lenta,B,23109,0.000521,0.001398
84,c=M dc=- h=A dh=+ L=A dL=+ preo=A,emergencia,M,6987,0.000493,0.006358
85,c=B dc=0 h=B dh=- L=M dL=- preo=B,calma,B,20246,0.000466,0.000601
86,c=B dc=- h=M dh=0 L=M dL=- preo=M,calma,B,9702,0.000466,0.000447
87,c=B dc=- h=A dh=- L=B dL=- preo=A,emergencia,B,19975,0.000466,0.003613
88,c=B dc=+ h=M dh=- L=B dL=- preo=M,prop_lenta,B,11819,0.000438,0.003112
89,c=M dc=- h=M dh=0 L=A dL=+ preo=M,calma,M,7686,0.000438,0.000349
90,c=B dc=0 h=B dh=0 L=B dL=0 preo=A,calma,B,193,0.000411,0.007500
91,c=M dc=- h=B dh=- L=A dL=+ preo=M,calma,M,10212,0.000411,0.000643
92,c=A dc=- h=A dh=+ L=A dL=0 preo=A,emergencia,A,21358,0.000411,0.005530
93,c=B dc=0 h=M dh=+ L=M dL=- preo=B,calma,B,11661,0.000384,0.000434
94,c=B dc=0 h=A dh=- L=M dL=- preo=M,emergencia,B,5568,0.000384,0.002176
95,c=M dc=+ h=A dh=+ L=B dL=- preo=B,emergencia,M,6179,0.000384,0.000121
96,c=A dc=+ h=B dh=+ L=B dL=+ preo=B,emergencia,A,4527,0.000384,0.006650
97,c=B dc=- h=A dh=- L=M dL=- preo=M,emergencia,B,5075,0.000356,0.002152
98,c=B dc=- h=A dh=0 L=A dL=+ preo=A,emergencia,B,19089,0.000356,0.003374
99,c=B dc=- h=B dh=- L=M dL=- preo=M,calma,B,5047,0.000329,0.001728
100,c=B dc=- h=M dh=+ L=A dL=+ preo=A,calma,B,640,0.000329,0.004099
101,c=M dc=+ h=B dh=+ L=M dL=+ preo=B,prop_rapida,M,6120,0.000329,0.000627
102,c=B dc=+ h=A dh=- L=B dL=- preo=M,emergencia,B,5599,0.000329,0.002243
103,c=B dc=+ h=M dh=- L=M dL=+ preo=B,prop_lenta,B,5334,0.000329,0.000204
104,c=M dc=- h=A dh=+ L=A dL=0 preo=A,emergencia,M,7754,0.000329,0.004088
105,c=B dc=0 h=A dh=- L=A dL=+ preo=M,emergencia,B,6138,0.000329,0.002462
106,c=B dc=0 h=B dh=- L=B dL=- preo=B,calma,B,24320,0.000301,0.000278
107,c=B dc=- h=A dh=+ L=A dL=- preo=A,emergencia,B,8742,0.000301,0.003673
108,c=B dc=- h=A dh=+ L=A dL=+ preo=B,emergencia,B,6218,0.000301,0.000235
109,c=B dc=+ h=B dh=+ L=B dL=+ preo=A,prop_lenta,B,303,0.000301,0.005106
110,c=B dc=- h=B dh=0 L=A dL=+ preo=M,calma,B,2616,0.000274,0.002160
111,c=B dc=0 h=M dh=0 L=M dL=- preo=B,calma,B,6875,0.000274,0.000001
112,c=B dc=+ h=A dh=- L=A dL=+ preo=A,emergencia,B,12117,0.000274,0.002149
113,c=A dc=- h=A dh=+ L=A dL=- preo=A,emergencia,A,11739,0.000274,0.003865
114,c=B dc=- h=A dh=+ L=A dL=0 preo=A,emergencia,B,5382,0.000274,0.003199
115,c=A dc=- h=A dh=+ L=A dL=0 preo=M,emergencia,A,2632,0.000247,0.003410
116,c=B dc=+ h=B dh=+ L=B dL=- preo=A,prop_lenta,B,2442,0.000247,0.003333
117,c=B dc=- h=M dh=- L=M dL=0 preo=B,calma,B,7047,0.000247,0.000037
118,c=A dc=+ h=B dh=+ L=B dL=- preo=M,emergencia,A,1926,0.000247,0.003449
119,c=B dc=- h=B dh=+ L=A dL=+ preo=M,calma,B,3143,0.000247,0.003010
120,c=B dc=+ h=M dh=- L=M dL=- preo=M,prop_lenta,B,6204,0.000247,0.000863
121,c=B dc=0 h=B dh=0 L=B dL=0 preo=B,calma,B,365,0.000247,0.004500
122,c=M dc=+ h=B dh=- L=M dL=+ preo=B,prop_rapida,M,9232,0.000247,0.000336
123,c=A dc=- h=B dh=+ L=A dL=+ preo=M,emergencia,A,2116,0.000219,0.003504
124,c=B dc=0 h=A dh=+ L=M dL=- preo=A,emergencia,B,3729,0.000219,0.002435
125,c=M dc=- h=B dh=+ L=A dL=- preo=A,calma,M,558,0.000219,0.003434
126,c=M dc=- h=B dh=+ L=A dL=+ preo=M,calma,M,3839,0.000219,0.002492
127,c=B dc=+ h=A dh=0 L=B dL=- preo=A,emergencia,B,4059,0.000219,0.001851
128,c=B dc=0 h=B dh=- L=M dL=0 preo=B,calma,B,4437,0.000219,0.000571
129,c=M dc=+ h=B dh=+ L=B dL=- preo=M,prop_rapida,M,1670,0.000219,0.003011
130,c=B dc=+ h=M dh=- L=M dL=- preo=B,prop_lenta,B,7990,0.000219,0.000506
131,c=M dc=- h=A dh=+ L=A dL=- preo=A,emergencia,M,7122,0.000219,0.002568
132,c=B dc=- h=M dh=- L=M dL=0 preo=M,calma,B,2601,0.000219,0.000294
133,c=A dc=- h=M dh=+ L=A dL=+ preo=A,emergencia,A,1382,0.000219,0.003392
134,c=B dc=+ h=B dh=+ L=M dL=+ preo=B,prop_lenta,B,9256,0.000219,0.001000
135,c=B dc=0 h=A dh=- L=B dL=- preo=M,emergencia,B,1956,0.000219,0.001471
136,c=B dc=- h=M dh=- L=A dL=0 preo=M,calma,B,2593,0.000219,0.000156
137,c=B dc=0 h=M dh=+ L=M dL=- preo=M,calma,B,4060,0.000219,0.000465
138,c=M dc=0 h=B dh=+ L=B dL=- preo=A,calma,M,544,0.000192,0.002899
139,c=A dc=- h=A dh=+ L=A dL=+ preo=B,emergencia,A,13436,0.000192,0.002942
140,c=M dc=+ h=B dh=0 L=M dL=+ preo=B,prop_rapida,M,3857,0.000192,0.000017
141,c=B dc=+ h=B dh=- L=M dL=- preo=B,prop_lenta,B,14166,0.000192,0.000683
142,c=M dc=+ h=M dh=+ L=B dL=- preo=M,prop_rapida,M,6811,0.000192,0.000477
143,c=B dc=- h=M dh=+ L=A dL=0 preo=M,calma,B,2243,0.000192,0.000062
144,c=B dc=- h=M dh=0 L=M dL=0 preo=B,calma,B,3825,0.000192,0.000112
145,c=B dc=0 h=M dh=- L=M dL=0 preo=B,calma,B,4689,0.000192,0.000385
146,c=B dc=- h=B dh=+ L=M dL=+ preo=A,calma,B,581,0.000192,0.003027
147,c=M dc=+ h=A dh=+ L=B dL=- preo=A,emergencia,M,1288,0.000192,0.002269
148,c=B dc=0 h=A dh=- L=M dL=- preo=A,emergencia,B,14947,0.000192,0.001876
149,c=B dc=+ h=A dh=- L=M dL=- preo=M,emergencia,B,4974,0.000192,0.001564
150,c=B dc=0 h=M dh=+ L=B dL=- preo=B,calma,B,11160,0.000192,0.000439
151,c=B dc=+ h=M dh=+ L=M dL=- preo=B,prop_lenta,B,5963,0.000164,0.000002
152,c=B dc=- h=B dh=+ L=M dL=- preo=B,calma,B,11845,0.000164,0.001694
153,c=A dc=- h=M dh=+ L=A dL=+ preo=B,emergencia,A,1502,0.000164,0.002452
154,c=B dc=- h=A dh=- L=A dL=+ preo=B,emergencia,B,4944,0.000164,0.000545
155,c=B dc=+ h=A dh=+ L=B dL=- preo=B,emergencia,B,5305,0.000164,0.000026
156,c=B dc=0 h=M dh=0 L=B dL=- preo=B,calma,B,6845,0.000164,0.000020
157,c=B dc=+ h=A dh=+ L=M dL=- preo=A,emergencia,B,1788,0.000164,0.001846
158,c=M dc=- h=B dh=+ L=M dL=+ preo=A,calma,M,718,0.000164,0.002190
159,c=M dc=+ h=M dh=- L=B dL=0 preo=M,prop_rapida,M,780,0.000164,0.001086
160,c=B dc=0 h=M dh=+ L=A dL=+ preo=B,calma,B,11111,0.000164,0.000441
161,c=M dc=+ h=M dh=+ L=B dL=- preo=A,prop_rapida,M,479,0.000164,0.002191
162,c=B dc=+ h=B dh=0 L=M dL=+ preo=B,prop_lenta,B,5657,0.000164,0.000135
163,c=M dc=0 h=B dh=+ L=M dL=+ preo=A,calma,M,445,0.000164,0.002314
164,c=M dc=0 h=B dh=+ L=M dL=+ preo=B,calma,M,5123,0.000164,0.000444
165,c=M dc=0 h=B dh=0 L=B dL=0 preo=A,calma,M,29,0.000164,0.003000
166,c=A dc=- h=M dh=+ L=A dL=+ preo=M,emergencia,A,1869,0.000164,0.002412
167,c=M dc=0 h=B dh=- L=M dL=+ preo=B,calma,M,9072,0.000164,0.000015
168,c=B dc=0 h=A dh=+ L=B dL=- preo=A,emergencia,B,1805,0.000164,0.001651
169,c=B dc=+ h=B dh=+ L=B dL=0 preo=A,prop_lenta,B,564,0.000164,0.002466
170,c=B dc=- h=M dh=0 L=A dL=0 preo=B,calma,B,2901,0.000164,0.000084
171,c=B dc=- h=M dh=+ L=M dL=0 preo=B,calma,B,6198,0.000164,0.000015
172,c=B dc=+ h=A dh=- L=M dL=0 preo=M,emergencia,B,727,0.000137,0.000687
173,c=B dc=+ h=A dh=- L=A dL=+ preo=M,emergencia,B,3374,0.000137,0.000976
174,c=B dc=- h=M dh=+ L=A dL=- preo=M,calma,B,1139,0.000137,0.000013
175,c=B dc=0 h=M dh=+ L=M dL=0 preo=B,calma,B,3344,0.000137,0.000010
176,c=B dc=- h=B dh=- L=A dL=- preo=M,calma,B,872,0.000137,0.000008
177,c=B dc=- h=B dh=- L=M dL=0 preo=B,calma,B,8412,0.000137,0.000253
178,c=B dc=- h=M dh=- L=M dL=+ preo=M,calma,B,1858,0.000137,0.000820
179,c=B dc=- h=M dh=- L=A dL=+ preo=A,calma,B,2786,0.000137,0.001300
180,c=B dc=- h=B dh=0 L=A dL=- preo=B,calma,B,17770,0.000137,0.000079
181,c=B dc=0 h=M dh=- L=A dL=+ preo=B,calma,B,14220,0.000137,0.000133
182,c=B dc=- h=M dh=- L=A dL=0 preo=B,calma,B,2525,0.000137,0.000024
183,c=A dc=+ h=A dh=+ L=B dL=- preo=A,emergencia,A,2063,0.000137,0.001752
184,c=M dc=0 h=B dh=+ L=A dL=+ preo=B,calma,M,6121,0.000137,0.000485
185,c=A dc=- h=A dh=+ L=A dL=+ preo=M,emergencia,A,3032,0.000137,0.001766
186,c=A dc=0 h=B dh=0 L=B dL=0 preo=M,emergencia,A,30,0.000137,0.002500
187,c=M dc=0 h=B dh=0 L=B dL=0 preo=B,calma,M,51,0.000137,0.002500
188,c=M dc=- h=M dh=+ L=M dL=+ preo=A,calma,M,198,0.000137,0.001804
189,c=M dc=+ h=M dh=0 L=B dL=- preo=M,prop_rapida,M,4263,0.000137,0.000492
190,c=M dc=+ h=B dh=+ L=B dL=0 preo=A,prop_rapida,M,228,0.000137,0.001830
191,c=B dc=+ h=M dh=- L=A dL=+ preo=B,prop_lenta,B,4862,0.000110,0.000394
192,c=B dc=- h=A dh=+ L=M dL=0 preo=A,emergencia,B,456,0.000110,0.001075
193,c=M dc=+ h=M dh=+ L=M dL=- preo=B,prop_rapida,M,2977,0.000110,0.000042
194,c=B dc=+ h=M dh=0 L=M dL=- preo=B,prop_lenta,B,3330,0.000110,0.000001
195,c=B dc=- h=A dh=- L=A dL=0 preo=M,emergencia,B,1031,0.000110,0.000768
196,c=B dc=- h=A dh=0 L=B dL=- preo=A,emergencia,B,2723,0.000110,0.000989
197,c=B dc=- h=A dh=0 L=A dL=+ preo=B,emergencia,B,2246,0.000110,0.000000
198,c=B dc=0 h=B dh=- L=M dL=- preo=M,calma,B,2134,0.000110,0.000801
199,c=B dc=- h=M dh=- L=A dL=- preo=M,calma,B,1338,0.000110,0.000001
200,c=B dc=0 h=B dh=- L=A dL=+ preo=B,calma,B,25468,0.000110,0.000252
201,c=B dc=0 h=B dh=0 L=B dL=- preo=B,calma,B,8724,0.000110,0.000647
202,c=B dc=0 h=B dh=0 L=M dL=- preo=B,calma,B,7575,0.000110,0.000318
203,c=B dc=0 h=B dh=+ L=B dL=- preo=B,calma,B,12862,0.000110,0.000828
204,c=B dc=0 h=M dh=- L=B dL=- preo=B,calma,B,10631,0.000110,0.000149
205,c=M dc=+ h=B dh=- L=B dL=- preo=M,prop_rapida,M,3524,0.000110,0.000757
206,c=B dc=0 h=M dh=0 L=M dL=- preo=M,calma,B,3105,0.000110,0.000041
207,c=B dc=0 h=A dh=+ L=M dL=- preo=M,emergencia,B,1998,0.000110,0.000604
208,c=B dc=+ h=A dh=- L=B dL=- preo=B,emergencia,B,3931,0.000110,0.000340
209,c=B dc=0 h=A dh=0 L=B dL=- preo=A,emergencia,B,4660,0.000110,0.000990
210,c=B dc=- h=B dh=- L=A dL=0 preo=M,calma,B,1671,0.000110,0.000154
211,c=B dc=- h=B dh=+ L=M dL=- preo=M,calma,B,822,0.000110,0.001020
212,c=B dc=+ h=A dh=0 L=M dL=- preo=M,emergencia,B,956,0.000082,0.000403
213,c=B dc=- h=A dh=+ L=M dL=+ preo=A,emergencia,B,715,0.000082,0.000955
214,c=B dc=0 h=B dh=0 L=M dL=- preo=M,calma,B,426,0.000082,0.000377
215,c=A dc=+ h=B dh=+ L=B dL=- preo=A,emergencia,A,931,0.000082,0.001146
216,c=B dc=+ h=B dh=+ L=B dL=- preo=M,prop_lenta,B,729,0.000082,0.000942
217,c=A dc=+ h=B dh=0 L=B dL=- preo=M,emergencia,A,1114,0.000082,0.000599
218,c=B dc=- h=B dh=+ L=B dL=- preo=A,calma,B,254,0.000082,0.001243
219,c=M dc=+ h=B dh=+ L=B dL=+ preo=A,prop_rapida,M,115,0.000082,0.001425
220,c=B dc=- h=A dh=+ L=M dL=+ preo=B,emergencia,B,2514,0.000082,0.000000
221,c=B dc=- h=B dh=0 L=M dL=- preo=M,calma,B,644,0.000082,0.000883
222,c=A dc=- h=A dh=+ L=M dL=- preo=B,emergencia,A,1177,0.000082,0.001207
223,c=B dc=- h=A dh=+ L=M dL=- preo=M,emergencia,B,3339,0.000082,0.000311
224,c=B dc=- h=A dh=0 L=A dL=+ preo=M,emergencia,B,3481,0.000082,0.000383
225,c=B dc=- h=B dh=+ L=M dL=0 preo=B,calma,B,5039,0.000082,0.000962
226,c=B dc=- h=A dh=0 L=A dL=- preo=A,emergencia,B,7060,0.000082,0.000915
227,c=B dc=- h=A dh=0 L=M dL=- preo=A,emergencia,B,5105,0.000082,0.000900
228,c=M dc=+ h=B dh=0 L=M dL=- preo=B,prop_rapida,M,3252,0.000082,0.000154
229,c=B dc=0 h=B dh=+ L=B dL=- preo=A,calma,B,680,0.000082,0.001187
230,c=M dc=+ h=M dh=- L=M dL=- preo=M,prop_rapida,M,1325,0.000082,0.000126
231,c=B dc=0 h=A dh=+ L=A dL=+ preo=M,emergencia,B,815,0.000082,0.000561
232,c=B dc=0 h=A dh=- L=M dL=0 preo=A,emergencia,B,5314,0.000082,0.000734
233,c=M dc=- h=B dh=0 L=A dL=+ preo=M,calma,M,3153,0.000082,0.000392
234,c=M dc=0 h=B dh=+ L=A dL=+ preo=A,calma,M,118,0.000082,0.001161
235,c=M dc=0 h=B dh=+ L=B dL=- preo=M,calma,M,576,0.000082,0.001019
236,c=A dc=+ h=M dh=+ L=B dL=+ preo=B,emergencia,A,1428,0.000082,0.001425
237,c=B dc=0 h=M dh=0 L=M dL=0 preo=B,calma,B,2245,0.000082,0.000003
238,c=B dc=0 h=A dh=+ L=A dL=+ preo=A,emergencia,B,1072,0.000082,0.000745
239,c=B dc=+ h=B dh=0 L=B dL=- preo=A,prop_lenta,B,584,0.000082,0.001222
240,c=A dc=+ h=M dh=+ L=B dL=- preo=M,emergencia,A,5149,0.000082,0.001165
241,c=B dc=0 h=M dh=- L=M dL=0 preo=M,calma,B,2177,0.000082,0.000533
242,c=M dc=+ h=B dh=- L=M dL=- preo=B,prop_rapida,M,5976,0.000082,0.000005
243,c=M dc=+ h=B dh=0 L=B dL=- preo=M,prop_rapida,M,996,0.000082,0.000489
244,c=B dc=+ h=B dh=- L=B dL=+ preo=B,prop_lenta,B,4310,0.000082,0.000286
245,c=B dc=+ h=B dh=- L=B dL=+ preo=A,prop_lenta,B,772,0.000082,0.001401
246,c=M dc=- h=M dh=+ L=A dL=+ preo=A,calma,M,584,0.000082,0.001127
247,c=M dc=+ h=B dh=+ L=M dL=+ preo=A,prop_rapida,M,172,0.000082,0.001165
248,c=B dc=- h=B dh=+ L=A dL=- preo=B,calma,B,35520,0.000082,0.000000
249,c=B dc=+ h=M dh=0 L=A dL=+ preo=B,prop_lenta,B,1902,0.000082,0.000000
250,c=B dc=+ h=A dh=0 L=M dL=- preo=A,emergencia,B,1003,0.000082,0.000791
251,c=B dc=+ h=A dh=- L=M dL=+ preo=M,emergencia,B,402,0.000082,0.000574
252,c=B dc=- h=M dh=0 L=A dL=0 preo=M,calma,B,1174,0.000082,0.000006
253,c=M dc=+ h=M dh=+ L=M dL=+ preo=B,prop_rapida,M,3705,0.000082,0.000000
254,c=A dc=- h=A dh=+ L=M dL=- preo=M,emergencia,A,332,0.000082,0.001123
255,c=B dc=+ h=M dh=+ L=A dL=+ preo=B,prop_lenta,B,2774,0.000082,0.000154
256,c=B dc=+ h=M dh=+ L=M dL=+ preo=B,prop_lenta,B,4232,0.000082,0.000000
257,c=B dc=- h=M dh=+ L=M dL=+ preo=A,calma,B,157,0.000082,0.001105
258,c=M dc=+ h=M dh=+ L=M dL=- preo=M,prop_rapida,M,1035,0.000082,0.000316
259,c=M dc=- h=B dh=+ L=A dL=0 preo=B,calma,M,4347,0.000082,0.000481
260,c=B dc=+ h=A dh=+ L=B dL=- preo=A,emergencia,B,2430,0.000082,0.000904
261,c=M dc=- h=B dh=+ L=B dL=- preo=A,calma,M,191,0.000082,0.001310
262,c=B dc=0 h=A dh=0 L=M dL=- preo=M,emergencia,B,1286,0.000082,0.000484
263,c=B dc=+ h=M dh=- L=A dL=+ preo=M,prop_lenta,B,2205,0.000082,0.000397
264,c=B dc=+ h=M dh=- L=M dL=0 preo=M,prop_lenta,B,1357,0.000082,0.000421
265,c=B dc=- h=A dh=- L=M dL=- preo=A,emergencia,B,31789,0.000082,0.000825
266,c=B dc=+ h=M dh=0 L=M dL=- preo=M,prop_lenta,B,955,0.000082,0.000425
267,c=B dc=+ h=A dh=+ L=M dL=- preo=M,emergencia,B,1287,0.000082,0.000716
268,c=B dc=- h=B dh=- L=M dL=0 preo=M,calma,B,559,0.000055,0.000350
269,c=M dc=+ h=A dh=0 L=B dL=- preo=B,emergencia,M,728,0.000055,0.000030
270,c=B dc=- h=A dh=- L=M dL=+ preo=M,emergencia,B,793,0.000055,0.000309
271,c=M dc=+ h=A dh=+ L=B dL=- preo=M,emergencia,M,1746,0.000055,0.000298
272,c=B dc=0 h=M dh=- L=A dL=+ preo=M,calma,B,5260,0.000055,0.000234
273,c=M dc=0 h=M dh=+ L=M dL=+ preo=A,calma,M,98,0.000055,0.000698
274,c=B dc=- h=B dh=+ L=B dL=- preo=B,calma,B,4200,0.000055,0.000438
275,c=B dc=- h=M dh=0 L=A dL=- preo=M,calma,B,598,0.000055,0.000001
276,c=M dc=+ h=A dh=- L=B dL=- preo=A,emergencia,M,2706,0.000055,0.000473
277,c=B dc=0 h=M dh=0 L=A dL=+ preo=B,calma,B,7399,0.000055,0.000035
278,c=B dc=- h=M dh=0 L=M dL=+ preo=M,calma,B,411,0.000055,0.000363
279,c=A dc=- h=M dh=+ L=A dL=- preo=A,emergencia,A,838,0.000055,0.000903
280,c=B dc=0 h=A dh=- L=M dL=0 preo=M,emergencia,B,739,0.000055,0.000335
281,c=A dc=- h=M dh=+ L=A dL=0 preo=A,emergencia,A,255,0.000055,0.000775
282,c=M dc=0 h=B dh=+ L=M dL=- preo=M,calma,M,179,0.000055,0.000728
283,c=B dc=- h=A dh=- L=M dL=+ preo=A,emergencia,B,3321,0.000055,0.000541
284,c=B dc=- h=A dh=- L=M dL=0 preo=A,emergencia,B,9211,0.000055,0.000519
285,c=B dc=- h=B dh=0 L=A dL=+ preo=A,calma,B,301,0.000055,0.000775
286,c=B dc=- h=M dh=+ L=M dL=0 preo=M,calma,B,1088,0.000055,0.000244
287,c=B dc=0 h=M dh=- L=B dL=- preo=M,calma,B,2988,0.000055,0.000019
288,c=B dc=- h=B dh=- L=A dL=+ preo=A,calma,B,821,0.000055,0.000796
289,c=B dc=0 h=B dh=+ L=A dL=+ preo=A,calma,B,131,0.000055,0.000836
290,c=B dc=0 h=B dh=+ L=A dL=+ preo=B,calma,B,12206,0.000055,0.000475
291,c=B dc=- h=B dh=+ L=M dL=+ preo=M,calma,B,295,0.000055,0.000593
292,c=B dc=- h=M dh=+ L=M dL=+ preo=M,calma,B,550,0.000055,0.000000
293,c=B dc=0 h=B dh=+ L=M dL=- preo=B,calma,B,11833,0.000055,0.000008
294,c=B dc=- h=M dh=- L=B dL=- preo=B,calma,B,3082,0.000055,0.000332
295,c=B dc=- h=A dh=- L=B dL=- preo=M,emergencia,B,800,0.000055,0.000455
296,c=M dc=+ h=B dh=+ L=B dL=+ preo=B,prop_rapida,M,7536,0.000055,0.000293
297,c=B dc=- h=A dh=- L=M dL=- preo=B,emergencia,B,738,0.000055,0.000350
298,c=M dc=+ h=B dh=0 L=M dL=+ preo=M,prop_rapida,M,122,0.000055,0.000475
299,c=M dc=+ h=M dh=0 L=B dL=- preo=A,prop_rapida,M,138,0.000055,0.000614
300,c=B dc=0 h=B dh=+ L=M dL=+ preo=A,calma,B,141,0.000055,0.000838
301,c=B dc=0 h=M dh=- L=A dL=0 preo=B,calma,B,457,0.000055,0.000189
302,c=B dc=+ h=B dh=0 L=B dL=+ preo=A,prop_lenta,B,98,0.000055,0.000926
303,c=B dc=+ h=A dh=- L=M dL=- preo=B,emergencia,B,1689,0.000055,0.000154
304,c=M dc=0 h=B dh=- L=M dL=- preo=M,calma,M,492,0.000055,0.000027
305,c=M dc=0 h=B dh=- L=B dL=- preo=B,calma,M,4248,0.000055,0.000000
306,c=M dc=- h=A dh=+ L=A dL=+ preo=M,emergencia,M,1565,0.000055,0.000000
307,c=B dc=+ h=B dh=- L=M dL=0 preo=B,prop_lenta,B,2642,0.000055,0.000170
308,c=B dc=+ h=B dh=- L=M dL=- preo=M,prop_lenta,B,1154,0.000055,0.000001
309,c=B dc=+ h=B dh=- L=B dL=- preo=A,prop_lenta,B,3727,0.000055,0.000756
310,c=B dc=+ h=B dh=- L=B dL=- preo=M,prop_lenta,B,4126,0.000055,0.000624
311,c=B dc=+ h=A dh=+ L=M dL=0 preo=A,emergencia,B,226,0.000055,0.000547
312,c=B dc=+ h=A dh=+ L=M dL=+ preo=A,emergencia,B,561,0.000055,0.000647
313,c=B dc=+ h=A dh=- L=M dL=+ preo=A,emergencia,B,1815,0.000055,0.000570
314,c=M dc=- h=A dh=+ L=A dL=0 preo=M,emergencia,M,660,0.000055,0.000683
315,c=M dc=- h=B dh=- L=M dL=+ preo=M,calma,M,625,0.000055,0.000702
316,c=M dc=0 h=B dh=- L=B dL=- preo=M,calma,M,824,0.000055,0.000270
317,c=M dc=- h=B dh=+ L=M dL=+ preo=M,calma,M,251,0.000055,0.000816
318,c=B dc=+ h=A dh=- L=M dL=- preo=A,emergencia,B,7611,0.000055,0.000504
319,c=M dc=- h=M dh=- L=M dL=+ preo=M,calma,M,1067,0.000055,0.000256
320,c=B dc=+ h=M dh=0 L=M dL=+ preo=B,prop_lenta,B,2652,0.000055,0.000000
321,c=B dc=+ h=M dh=0 L=M dL=0 preo=B,prop_lenta,B,1179,0.000055,0.000000
322,c=M dc=- h=B dh=0 L=A dL=0 preo=B,calma,M,1976,0.000055,0.000000
323,c=B dc=+ h=M dh=+ L=B dL=- preo=A,prop_lenta,B,369,0.000055,0.000614
324,c=B dc=0 h=A dh=+ L=B dL=- preo=M,emergencia,B,302,0.000055,0.000453
325,c=B dc=0 h=A dh=0 L=A dL=+ preo=M,emergencia,B,731,0.000055,0.000355
326,c=B dc=+ h=M dh=- L=M dL=0 preo=B,prop_lenta,B,3029,0.000055,0.000000
327,c=M dc=- h=B dh=0 L=M dL=+ preo=M,calma,M,162,0.000055,0.000624
328,c=B dc=+ h=M dh=+ L=B dL=- preo=M,prop_lenta,B,1612,0.000055,0.000445
329,c=B dc=0 h=A dh=0 L=A dL=+ preo=A,emergencia,B,1655,0.000055,0.000389
330,c=A dc=- h=B dh=+ L=B dL=+ preo=A,emergencia,A,107,0.000027,0.000451
331,c=A dc=- h=B dh=+ L=B dL=+ preo=B,emergencia,A,184,0.000027,0.000475
332,c=A dc=- h=M dh=- L=A dL=+ preo=M,emergencia,A,800,0.000027,0.000001
333,c=A dc=- h=B dh=+ L=B dL=- preo=M,emergencia,A,124,0.000027,0.000407
334,c=B dc=- h=M dh=0 L=B dL=- preo=B,calma,B,2098,0.000027,0.000000
335,c=A dc=- h=B dh=0 L=A dL=+ preo=B,emergencia,A,1150,0.000027,0.000064
336,c=M dc=+ h=A dh=+ L=M dL=+ preo=A,emergencia,M,176,0.000027,0.000299
337,c=M dc=+ h=A dh=+ L=M dL=0 preo=A,emergencia,M,82,0.000027,0.000332
338,c=B dc=+ h=A dh=- L=A dL=0 preo=M,emergencia,B,193,0.000027,0.000170
339,c=M dc=- h=M dh=- L=A dL=- preo=B,calma,M,197,0.000027,0.000013
340,c=M dc=+ h=M dh=+ L=B dL=0 preo=B,prop_rapida,M,1007,0.000027,0.000001
341,c=B dc=- h=M dh=0 L=M dL=0 preo=M,calma,B,816,0.000027,0.000189
342,c=B dc=+ h=M dh=+ L=M dL=+ preo=M,prop_lenta,B,106,0.000027,0.000284
343,c=B dc=- h=M dh=0 L=M dL=0 preo=A,calma,B,12,0.000027,0.000315
344,c=M dc=- h=M dh=+ L=M dL=- preo=M,calma,M,2094,0.000027,0.000000
345,c=M dc=+ h=A dh=- L=B dL=- preo=B,emergencia,M,1014,0.000027,0.000000
346,c=M dc=- h=M dh=0 L=A dL=- preo=B,calma,M,243,0.000027,0.000000
347,c=B dc=- h=M dh=+ L=B dL=- preo=A,calma,B,52,0.000027,0.000349
348,c=B dc=- h=M dh=+ L=B dL=- preo=B,calma,B,3646,0.000027,0.000015
349,c=B dc=- h=M dh=0 L=A dL=+ preo=A,calma,B,214,0.000027,0.000284
350,c=M dc=+ h=A dh=0 L=B dL=- preo=A,emergencia,M,1073,0.000027,0.000315
351,c=B dc=- h=M dh=0 L=A dL=0 preo=A,calma,B,16,0.000027,0.000270
352,c=M dc=- h=M dh=- L=A dL=+ preo=A,calma,M,173,0.000027,0.000270
353,c=M dc=+ h=M dh=+ L=M dL=0 preo=A,prop_rapida,M,9,0.000027,0.000368
354,c=M dc=- h=M dh=- L=A dL=0 preo=M,calma,M,138,0.000027,0.000028
355,c=B dc=+ h=M dh=+ L=M dL=- preo=M,prop_lenta,B,1088,0.000027,0.000299
356,c=M dc=+ h=A dh=+ L=M dL=- preo=M,emergencia,M,402,0.000027,0.000018
357,c=B dc=- h=M dh=0 L=M dL=+ preo=A,calma,B,42,0.000027,0.000315
358,c=M dc=- h=M dh=+ L=M dL=+ preo=M,calma,M,680,0.000027,0.000139
359,c=M dc=+ h=A dh=+ L=M dL=- preo=A,emergencia,M,377,0.000027,0.000299
360,c=B dc=+ h=M dh=+ L=B dL=+ preo=A,prop_lenta,B,11,0.000027,0.000332
361,c=B dc=0 h=A dh=0 L=M dL=- preo=A,emergencia,B,2242,0.000027,0.000284
362,c=A dc=- h=A dh=+ L=B dL=- preo=A,emergencia,A,1556,0.000027,0.000429
363,c=M dc=- h=M dh=- L=B dL=- preo=M,calma,M,284,0.000027,0.000000
364,c=B dc=- h=B dh=0 L=A dL=- preo=M,calma,B,451,0.000027,0.000000
365,c=A dc=+ h=B dh=0 L=B dL=0 preo=M,emergencia,A,32,0.000027,0.000284
366,c=M dc=- h=B dh=+ L=M dL=0 preo=M,calma,M,51,0.000027,0.000244
367,c=B dc=- h=B dh=0 L=M dL=0 preo=B,calma,B,3066,0.000027,0.000001
368,c=M dc=- h=B dh=- L=A dL=+ preo=A,calma,M,123,0.000027,0.000315
369,c=B dc=- h=B dh=0 L=M dL=- preo=B,calma,B,7564,0.000027,0.000000
370,c=M dc=- h=B dh=0 L=M dL=- preo=A,calma,M,10,0.000027,0.000407
371,c=A dc=+ h=B dh=+ L=B dL=0 preo=M,emergencia,A,62,0.000027,0.000270
372,c=A dc=+ h=B dh=+ L=B dL=+ preo=M,emergencia,A,44,0.000027,0.000475
373,c=A dc=+ h=B dh=+ L=M dL=+ preo=A,emergencia,A,56,0.000027,0.000451
374,c=A dc=+ h=M dh=- L=B dL=- preo=M,emergencia,A,3648,0.000027,0.000001
375,c=M dc=- h=B dh=0 L=A dL=- preo=B,calma,M,893,0.000027,0.000061
376,c=A dc=+ h=M dh=+ L=B dL=- preo=A,emergencia,A,384,0.000027,0.000349
377,c=M dc=- h=B dh=+ L=M dL=- preo=M,calma,M,212,0.000027,0.000451
378,c=A dc=+ h=M dh=+ L=B dL=+ preo=M,emergencia,A,172,0.000027,0.000475
379,c=A dc=+ h=A dh=0 L=B dL=- preo=M,emergencia,A,159,0.000027,0.000001
380,c=B dc=- h=B dh=- L=B dL=+ preo=B,calma,B,767,0.000027,0.000162
381,c=B dc=- h=B dh=- L=B dL=0 preo=A,calma,B,58,0.000027,0.000387
382,c=B dc=- h=B dh=- L=B dL=0 preo=B,calma,B,299,0.000027,0.000000
383,c=A dc=+ h=B dh=0 L=B dL=- preo=A,emergencia,A,36,0.000027,0.000451
384,c=B dc=- h=B dh=0 L=A dL=0 preo=M,calma,B,637,0.000027,0.000000
385,c=A dc=+ h=B dh=- L=B dL=- preo=A,emergencia,A,55,0.000027,0.000407
386,c=A dc=0 h=B dh=+ L=B dL=- preo=M,emergencia,A,247,0.000027,0.000451
387,c=B dc=+ h=A dh=0 L=M dL=0 preo=A,emergencia,B,163,0.000027,0.000299
388,c=A dc=- h=A dh=+ L=A dL=- preo=M,emergencia,A,1309,0.000027,0.000349
389,c=B dc=+ h=A dh=0 L=A dL=+ preo=M,emergencia,B,331,0.000027,0.000125
390,c=M dc=+ h=M dh=0 L=M dL=+ preo=B,prop_rapida,M,2076,0.000027,0.000000
391,c=B dc=+ h=A dh=+ L=B dL=- preo=M,emergencia,B,823,0.000027,0.000232
392,c=B dc=- h=M dh=- L=B dL=- preo=M,calma,B,1161,0.000027,0.000154
393,c=B dc=+ h=A dh=+ L=M dL=- preo=B,emergencia,B,556,0.000027,0.000179
394,c=A dc=0 h=B dh=+ L=B dL=- preo=B,emergencia,A,477,0.000027,0.000451
395,c=A dc=0 h=B dh=+ L=B dL=- preo=A,emergencia,A,207,0.000027,0.000429
396,c=M dc=- h=B dh=- L=A dL=0 preo=B,calma,M,2845,0.000027,0.000000
397,c=A dc=0 h=B dh=+ L=B dL=+ preo=B,emergencia,A,355,0.000027,0.000475
398,c=M dc=- h=B dh=+ L=A dL=- preo=M,calma,M,243,0.000027,0.000451
399,c=A dc=0 h=M dh=+ L=B dL=- preo=A,emergencia,A,78,0.000027,0.000387
400,c=A dc=0 h=M dh=+ L=A dL=0 preo=A,emergencia,A,0,0.000027,0.000368
401,c=B dc=+ h=A dh=+ L=A dL=+ preo=A,emergencia,B,196,0.000027,0.000332
402,c=A dc=+ h=B dh=- L=B dL=- preo=M,emergencia,A,3504,0.000027,0.000299
403,c=M dc=- h=B dh=- L=M dL=- preo=M,calma,M,912,0.000027,0.000000
404,c=B dc=- h=B dh=+ L=B dL=- preo=M,calma,B,108,0.000027,0.000220
405,c=M dc=+ h=M dh=0 L=M dL=+ preo=M,prop_rapida,M,137,0.000027,0.000132
406,c=B dc=+ h=M dh=- L=M dL=+ preo=M,prop_lenta,B,602,0.000027,0.000209
407,c=M dc=+ h=M dh=0 L=M dL=- preo=M,prop_rapida,M,554,0.000027,0.000001
408,c=M dc=0 h=A dh=+ L=A dL=+ preo=M,emergencia,M,93,0.000027,0.000001
409,c=M dc=0 h=B dh=0 L=M dL=- preo=B,calma,M,1549,0.000027,0.000028
410,c=B dc=0 h=A dh=+ L=M dL=0 preo=A,emergencia,B,257,0.000027,0.000332
411,c=B dc=0 h=A dh=+ L=M dL=+ preo=M,emergencia,B,104,0.000027,0.000244
412,c=B dc=0 h=M dh=0 L=B dL=- preo=A,calma,B,158,0.000027,0.000270
413,c=B dc=0 h=M dh=0 L=B dL=- preo=M,calma,B,495,0.000027,0.000002
414,c=M dc=0 h=A dh=0 L=M dL=- preo=M,emergencia,M,58,0.000027,0.000001
415,c=B dc=0 h=M dh=- L=A dL=+ preo=A,calma,B,1072,0.000027,0.000220
416,c=B dc=0 h=A dh=+ L=M dL=+ preo=A,emergencia,B,753,0.000027,0.000244
417,c=M dc=- h=B dh=0 L=A dL=+ preo=A,calma,M,96,0.000027,0.000429
418,c=M dc=0 h=M dh=+ L=B dL=- preo=A,calma,M,119,0.000027,0.000407
419,c=B dc=0 h=M dh=- L=A dL=- preo=B,calma,B,1051,0.000027,0.000154
420,c=M dc=0 h=B dh=0 L=B dL=0 preo=M,calma,M,13,0.000027,0.000349
421,c=M dc=+ h=B dh=- L=B dL=- preo=A,prop_rapida,M,427,0.000027,0.000299
422,c=B dc=+ h=B dh=- L=B dL=0 preo=M,prop_lenta,B,1347,0.000027,0.000349
423,c=M dc=0 h=B dh=- L=A dL=- preo=B,calma,M,542,0.000027,0.000000
424,c=B dc=+ h=B dh=- L=M dL=+ preo=A,prop_lenta,B,436,0.000027,0.000451
425,c=M dc=0 h=B dh=- L=M dL=+ preo=M,calma,M,603,0.000027,0.000125
426,c=M dc=+ h=B dh=0 L=B dL=- preo=A,prop_rapida,M,222,0.000027,0.000451
427,c=B dc=0 h=M dh=0 L=M dL=0 preo=M,calma,B,568,0.000027,0.000154
428,c=B dc=0 h=M dh=0 L=M dL=+ preo=M,calma,B,155,0.000027,0.000002
429,c=M dc=+ h=M dh=0 L=B dL=0 preo=M,prop_rapida,M,220,0.000027,0.000189
430,c=M dc=0 h=M dh=- L=B dL=- preo=B,calma,M,1798,0.000027,0.000000
431,c=M dc=0 h=B dh=+ L=M dL=+ preo=M,calma,M,232,0.000027,0.000368
432,c=B dc=0 h=A dh=- L=A dL=+ preo=B,emergencia,B,1529,0.000027,0.000162
433,c=B dc=0 h=A dh=- L=A dL=0 preo=M,emergencia,B,530,0.000027,0.000189
434,c=B dc=0 h=A dh=- L=M dL=+ preo=A,emergencia,B,2325,0.000027,0.000154
435,c=B dc=0 h=A dh=- L=M dL=+ preo=M,emergencia,B,590,0.000027,0.000132
436,c=M dc=0 h=B dh=+ L=A dL=0 preo=B,calma,M,361,0.000027,0.000000
437,c=B dc=0 h=A dh=+ L=B dL=- preo=B,emergencia,B,425,0.000027,0.000004
438,c=B dc=0 h=A dh=- L=M dL=- preo=B,emergencia,B,1360,0.000027,0.000139
439,c=M dc=0 h=M dh=- L=M dL=- preo=M,calma,M,1038,0.000027,0.000001
440,c=B dc=0 h=M dh=0 L=A dL=- preo=B,calma,B,726,0.000027,0.000000
441,c=M dc=0 h=M dh=- L=M dL=+ preo=M,calma,M,586,0.000027,0.000154
442,c=M dc=0 h=M dh=- L=A dL=+ preo=B,calma,M,1545,0.000027,0.000000
443,c=M dc=0 h=M dh=0 L=M dL=+ preo=B,calma,M,2585,0.000027,0.000000
444,c=M dc=0 h=M dh=+ L=B dL=- preo=B,calma,M,2917,0.000027,0.000000
445,c=B dc=0 h=M dh=+ L=B dL=0 preo=B,calma,B,501,0.000027,0.000000
446,c=B dc=0 h=M dh=+ L=B dL=- preo=M,calma,B,663,0.000027,0.000299
447,c=M dc=0 h=M dh=+ L=B dL=- preo=M,calma,M,1114,0.000027,0.000368
448,c=B dc=0 h=A dh=+ L=M dL=- preo=B,emergencia,B,687,0.000027,0.000003
449,c=B dc=0 h=B dh=+ L=M dL=0 preo=B,calma,B,1990,0.000027,0.000332
450,c=B dc=+ h=B dh=0 L=B dL=0 preo=A,prop_lenta,B,162,0.000027,0.000429
451,c=B dc=0 h=B dh=+ L=B dL=+ preo=A,calma,B,58,0.000027,0.000475
452,c=B dc=+ h=M dh=- L=B dL=0 preo=M,prop_lenta,B,1244,0.000027,0.000154
453,c=B dc=+ h=B dh=+ L=A dL=+ preo=A,prop_lenta,B,39,0.000027,0.000429
454,c=M dc=- h=A dh=+ L=A dL=- preo=M,emergencia,M,505,0.000027,0.000315
455,c=B dc=- h=A dh=+ L=M dL=- preo=B,emergencia,B,827,0.000027,0.000001
456,c=B dc=- h=A dh=+ L=B dL=- preo=A,emergencia,B,1051,0.000027,0.000244
457,c=M dc=+ h=B dh=+ L=A dL=+ preo=M,prop_rapida,M,26,0.000027,0.000475
458,c=M dc=- h=A dh=+ L=M dL=- preo=M,emergencia,M,453,0.000027,0.000349
459,c=B dc=+ h=M dh=- L=B dL=- preo=A,prop_lenta,B,3016,0.000027,0.000299
460,c=B dc=+ h=M dh=- L=B dL=0 preo=B,prop_lenta,B,1192,0.000027,0.000001
461,c=B dc=+ h=M dh=- L=B dL=0 preo=A,prop_lenta,B,168,0.000027,0.000299
462,c=B dc=0 h=B dh=+ L=B dL=- preo=M,calma,B,244,0.000027,0.000315
463,c=M dc=+ h=M dh=- L=B dL=- preo=A,prop_rapida,M,408,0.000027,0.000284
464,c=A dc=+ h=A dh=+ L=B dL=- preo=B,emergencia,A,1912,0.000027,0.000000
465,c=M dc=+ h=M dh=- L=M dL=+ preo=M,prop_rapida,M,330,0.000027,0.000179
466,c=M dc=- h=M dh=+ L=A dL=- preo=A,calma,M,161,0.000027,0.000407
467,c=B dc=0 h=A dh=0 L=A dL=+ preo=B,emergencia,B,719,0.000027,0.000199
468,c=M dc=- h=M dh=+ L=A dL=- preo=M,calma,M,215,0.000027,0.000000
469,c=B dc=+ h=M dh=0 L=B dL=- preo=M,prop_lenta,B,1487,0.000027,0.000244
470,c=B dc=+ h=M dh=0 L=M dL=0 preo=M,prop_lenta,B,275,0.000027,0.000220
471,c=B dc=+ h=B dh=+ L=A dL=+ preo=M,prop_lenta,B,29,0.000027,0.000407
472,c=B dc=+ h=B dh=+ L=M dL=+ preo=A,prop_lenta,B,111,0.000027,0.000429
473,c=B dc=- h=A dh=+ L=A dL=- preo=B,emergencia,B,340,0.000027,0.000000
474,c=M dc=+ h=B dh=+ L=M dL=+ preo=M,prop_rapida,M,175,0.000027,0.000315
475,c=B dc=+ h=B dh=0 L=M dL=- preo=B,prop_lenta,B,5511,0.000027,0.000000
476,c=B dc=0 h=B dh=0 L=A dL=+ preo=A,calma,B,776,0.000027,0.000368
477,c=B dc=+ h=B dh=0 L=M dL=- preo=M,prop_lenta,B,228,0.000027,0.000189
478,c=M dc=0 h=B dh=- L=B dL=- preo=A,calma,M,32,0.000027,0.000299
479,c=B dc=0 h=B dh=0 L=B dL=0 preo=M,calma,B,20,0.000027,0.000500
480,c=M dc=+ h=B dh=0 L=M dL=+ preo=A,prop_rapida,M,23,0.000027,0.000387
481,c=B dc=+ h=B dh=+ L=B dL=0 preo=M,prop_lenta,B,112,0.000027,0.000429
482,c=M dc=+ h=B dh=0 L=A dL=+ preo=B,prop_rapida,M,946,0.000027,0.000125
483,c=M dc=+ h=B dh=+ L=B dL=0 preo=B,prop_rapida,M,1471,0.000027,0.000132
484,c=B dc=+ h=B dh=+ L=B dL=+ preo=M,prop_lenta,B,74,0.000027,0.000475
485,c=B dc=0 h=B dh=- L=B dL=+ preo=A,calma,B,211,0.000027,0.000475
486,c=B dc=0 h=B dh=- L=B dL=+ preo=B,calma,B,1594,0.000027,0.000016
487,c=B dc=+ h=B dh=+ L=M dL=- preo=B,prop_lenta,B,9195,0.000027,0.000021
488,c=M dc=+ h=B dh=+ L=B dL=+ preo=M,prop_rapida,M,47,0.000027,0.000332
489,c=B dc=+ h=B dh=+ L=M dL=- preo=M,prop_lenta,B,211,0.000027,0.000113
490,c=M dc=+ h=B dh=+ L=M dL=- preo=B,prop_rapida,M,5617,0.000027,0.000429
491,c=M dc=+ h=B dh=+ L=M dL=0 preo=M,prop_rapida,M,32,0.000027,0.000232
492,c=B dc=- h=B dh=- L=B dL=- preo=B,calma,B,7537,0.000027,0.000009
