episodio,retorno,retorno_lo,retorno_hi,td,td_lo,td_hi
0,-116.04,-122.97,-109.11,0.6213,0.6057,0.6369
250,105.46,97.89,113.04,0.7392,0.7152,0.7632
500,123.41,116.20,130.62,0.7149,0.6863,0.7435
750,134.78,127.57,141.98,0.7332,0.7064,0.7600
1000,142.64,135.78,149.50,0.7281,0.6993,0.7569
1250,149.55,139.67,159.44,0.7339,0.7085,0.7594
1500,159.72,151.42,168.01,0.7268,0.7046,0.7490
1750,169.44,161.03,177.85,0.7341,0.7089,0.7592
2000,179.95,172.90,187.01,0.7209,0.6979,0.7439
2250,181.50,173.36,189.63,0.7257,0.7038,0.7476
2500,186.81,180.03,193.58,0.7133,0.6892,0.7375
2750,192.45,185.68,199.21,0.7172,0.6946,0.7399
3000,197.14,190.15,204.13,0.7265,0.7017,0.7513
3250,203.74,196.24,211.24,0.6967,0.6763,0.7171
3500,196.19,189.67,202.71,0.7162,0.6924,0.7400
3750,201.13,194.95,207.31,0.6980,0.6719,0.7241
4000,208.89,202.58,215.20,0.7056,0.6829,0.7284
4250,218.84,211.94,225.74,0.6889,0.6643,0.7135
4500,210.91,204.95,216.87,0.7033,0.6845,0.7222
4750,221.16,214.74,227.57,0.6713,0.6512,0.6914
5000,217.76,211.49,224.04,0.6796,0.6553,0.7039
5250,217.65,212.29,223.01,0.6834,0.6635,0.7034
5500,220.90,213.62,228.18,0.6579,0.6323,0.6836
5750,221.55,215.50,227.60,0.6635,0.6408,0.6863
6000,217.78,211.50,224.05,0.6805,0.6566,0.7045
6250,231.74,224.96,238.52,0.6404,0.6180,0.6628
6500,234.15,228.28,240.03,0.6420,0.6221,0.6619
6750,228.21,222.59,233.82,0.6368,0.6126,0.6609
7000,237.00,231.59,242.42,0.6159,0.5970,0.6348
7250,226.98,220.53,233.42,0.6349,0.6103,0.6594
7500,229.75,222.50,237.01,0.6275,0.6041,0.6508
7750,241.14,236.12,246.16,0.6087,0.5891,0.6282
8000,237.02,230.24,243.80,0.5994,0.5775,0.6214
8250,236.96,232.01,241.91,0.5923,0.5714,0.6132
8500,240.57,234.50,246.65,0.6032,0.5811,0.6252
8750,237.00,231.52,242.47,0.5964,0.5761,0.6167
9000,235.49,229.56,241.41,0.5858,0.5662,0.6055
9250,235.90,230.35,241.44,0.5970,0.5772,0.6169
9500,241.32,235.48,247.16,0.5842,0.5646,0.6039
9750,241.27,234.86,247.68,0.5774,0.5557,0.5992
10000,242.32,236.98,247.67,0.5798,0.5585,0.6010
10250,241.15,236.59,245.72,0.5721,0.5518,0.5925
10500,243.93,238.38,249.49,0.5724,0.5527,0.5920
10750,244.23,238.53,249.93,0.5611,0.5427,0.5794
11000,245.10,238.67,251.54,0.5656,0.5444,0.5868
11250,249.84,244.01,255.67,0.5454,0.5268,0.5640
11500,244.97,240.09,249.85,0.5567,0.5374,0.5759
11750,243.96,237.98,249.94,0.5577,0.5355,0.5798
12000,245.56,239.46,251.67,0.5496,0.5289,0.5704
12250,246.39,241.18,251.61,0.5583,0.5400,0.5766
12500,249.26,243.48,255.05,0.5436,0.5228,0.5645
12750,249.36,244.03,254.69,0.5559,0.5327,0.5791
13000,251.50,246.35,256.65,0.5404,0.5215,0.5593
13250,253.67,248.22,259.11,0.5242,0.5068,0.5417
13500,245.48,239.49,251.47,0.5499,0.5264,0.5734
13750,252.50,247.44,257.56,0.5353,0.5152,0.5553
14000,253.48,248.32,258.63,0.5168,0.4990,0.5347
14250,253.67,247.51,259.82,0.5185,0.4980,0.5390
14500,258.17,253.10,263.23,0.5112,0.4930,0.5294
14750,254.29,248.53,260.04,0.5230,0.5050,0.5410
15000,258.36,251.50,265.22,0.5156,0.4925,0.5388
15250,257.89,251.50,264.27,0.5156,0.4940,0.5372
15500,256.30,251.61,260.99,0.5128,0.4973,0.5282
15750,252.00,247.75,256.25,0.5173,0.4986,0.5361
16000,260.01,254.02,265.99,0.4976,0.4782,0.5171
16250,255.53,249.84,261.22,0.5101,0.4877,0.5326
16500,256.68,251.90,261.46,0.5084,0.4891,0.5278
16750,260.41,255.46,265.36,0.4944,0.4789,0.5099
17000,259.81,254.69,264.94,0.5029,0.4844,0.5214
17250,255.46,249.68,261.24,0.5062,0.4868,0.5257
17500,259.22,253.67,264.78,0.4777,0.4602,0.4953
17750,253.75,247.60,259.90,0.5175,0.4964,0.5385
18000,261.20,255.51,266.90,0.5014,0.4829,0.5199
18250,260.11,255.77,264.44,0.4986,0.4823,0.5149
18500,256.11,250.80,261.43,0.4975,0.4803,0.5146
18750,261.45,256.02,266.88,0.4755,0.4600,0.4910
19000,258.43,253.37,263.48,0.5115,0.4911,0.5320
19250,253.41,247.54,259.29,0.5189,0.4935,0.5443
19500,261.03,254.92,267.13,0.4889,0.4705,0.5074
19750,262.37,258.16,266.58,0.4861,0.4705,0.5017
20000,262.35,258.19,266.52,0.4901,0.4736,0.5067
20250,259.56,254.59,264.53,0.4845,0.4643,0.5047
20500,263.48,258.93,268.02,0.4783,0.4613,0.4954
20750,267.08,261.67,272.49,0.4669,0.4526,0.4813
21000,268.19,263.38,272.99,0.4724,0.4555,0.4894
21250,263.99,258.10,269.87,0.4797,0.4594,0.5001
21500,265.03,259.53,270.52,0.4677,0.4523,0.4831
21750,263.32,258.27,268.38,0.4675,0.4518,0.4832
22000,265.20,260.34,270.07,0.4733,0.4561,0.4905
22250,264.53,259.14,269.92,0.4767,0.4605,0.4930
22500,269.66,264.47,274.84,0.4762,0.4581,0.4944
22750,268.27,263.31,273.24,0.4648,0.4474,0.4822
23000,264.40,258.40,270.40,0.4722,0.4529,0.4915
23250,265.31,259.83,270.78,0.4762,0.4606,0.4918
23500,263.99,259.60,268.38,0.4707,0.4548,0.4866
23750,264.95,259.05,270.85,0.4847,0.4641,0.5053
24000,263.88,258.73,269.02,0.4631,0.4461,0.4801
24250,267.73,261.47,273.99,0.4596,0.4391,0.4802
24500,264.38,259.00,269.76,0.4623,0.4469,0.4777
24750,260.71,255.56,265.86,0.4785,0.4611,0.4958
25000,265.22,260.68,269.77,0.4564,0.4412,0.4717
25250,266.84,261.74,271.93,0.4587,0.4396,0.4777
25500,268.59,262.57,274.62,0.4541,0.4373,0.4709
25750,261.74,256.75,266.74,0.4686,0.4528,0.4844
26000,263.60,258.53,268.67,0.4607,0.4425,0.4790
26250,265.06,261.06,269.07,0.4803,0.4619,0.4987
26500,267.50,261.79,273.22,0.4609,0.4407,0.4812
26750,273.49,268.39,278.58,0.4429,0.4289,0.4570
27000,261.55,256.97,266.13,0.4750,0.4601,0.4899
27250,266.81,262.47,271.15,0.4607,0.4454,0.4760
27500,266.86,262.32,271.40,0.4555,0.4365,0.4745
27750,270.01,264.31,275.71,0.4608,0.4396,0.4819
28000,268.52,263.24,273.81,0.4458,0.4265,0.4651
28250,266.32,261.17,271.47,0.4535,0.4338,0.4731
28500,270.34,265.84,274.84,0.4473,0.4315,0.4632
28750,273.01,267.04,278.99,0.4397,0.4223,0.4572
29000,267.90,262.27,273.53,0.4577,0.4393,0.4760
29250,267.35,262.96,271.75,0.4509,0.4355,0.4664
29500,270.29,265.76,274.83,0.4538,0.4359,0.4717
29750,269.29,263.87,274.70,0.4422,0.4262,0.4582
30000,272.65,267.56,277.73,0.4405,0.4242,0.4568
30250,268.82,264.23,273.41,0.4524,0.4359,0.4689
30500,272.01,266.75,277.27,0.4331,0.4178,0.4484
30750,265.00,259.65,270.36,0.4516,0.4368,0.4663
31000,268.77,263.30,274.23,0.4384,0.4207,0.4562
31250,271.54,266.18,276.91,0.4383,0.4214,0.4551
31500,271.84,266.62,277.07,0.4461,0.4281,0.4641
31750,267.48,262.38,272.59,0.4664,0.4488,0.4841
32000,273.92,268.77,279.07,0.4274,0.4141,0.4408
32250,273.89,268.69,279.09,0.4468,0.4289,0.4647
32500,271.60,266.97,276.23,0.4449,0.4292,0.4606
32750,266.93,262.22,271.65,0.4558,0.4349,0.4768
33000,270.64,266.06,275.22,0.4442,0.4241,0.4644
33250,273.14,268.17,278.11,0.4319,0.4192,0.4445
33500,271.70,266.74,276.67,0.4297,0.4136,0.4459
33750,273.47,268.68,278.27,0.4355,0.4202,0.4508
34000,271.09,266.85,275.32,0.4388,0.4250,0.4526
34250,270.53,265.58,275.48,0.4558,0.4374,0.4742
34500,276.37,271.02,281.72,0.4277,0.4100,0.4454
34750,275.36,270.58,280.15,0.4248,0.4102,0.4393
35000,270.04,265.55,274.53,0.4384,0.4231,0.4536
35250,268.74,263.73,273.76,0.4372,0.4194,0.4550
35500,273.95,269.59,278.30,0.4213,0.4098,0.4328
35750,275.21,270.35,280.06,0.4214,0.4067,0.4362
36000,269.92,264.97,274.87,0.4341,0.4161,0.4522
36250,268.37,262.76,273.98,0.4526,0.4337,0.4716
36500,275.25,270.34,280.16,0.4196,0.4043,0.4350
36750,269.68,265.17,274.18,0.4436,0.4247,0.4625
37000,273.34,269.08,277.60,0.4267,0.4112,0.4422
37250,270.65,265.69,275.61,0.4455,0.4297,0.4614
37500,270.73,265.38,276.08,0.4365,0.4187,0.4543
37750,273.57,268.85,278.30,0.4241,0.4089,0.4393
38000,273.77,269.13,278.41,0.4305,0.4135,0.4474
38250,272.15,267.13,277.17,0.4325,0.4182,0.4467
38500,273.54,268.10,278.98,0.4276,0.4103,0.4448
38750,272.80,267.93,277.67,0.4413,0.4216,0.4611
39000,271.08,266.12,276.03,0.4343,0.4184,0.4501
39250,271.10,266.85,275.34,0.4257,0.4108,0.4406
39500,274.34,269.86,278.82,0.4329,0.4192,0.4465
39750,269.80,265.54,274.05,0.4287,0.4139,0.4436
40000,276.47,271.74,281.20,0.4209,0.4057,0.4362
40250,270.36,265.45,275.26,0.4444,0.4271,0.4618
40500,273.01,268.56,277.46,0.4343,0.4171,0.4515
40750,276.33,272.00,280.65,0.4177,0.4027,0.4327
41000,270.38,265.00,275.77,0.4364,0.4196,0.4532
41250,268.85,263.81,273.89,0.4388,0.4235,0.4541
41500,275.33,270.67,279.98,0.4172,0.4015,0.4328
41750,272.67,267.67,277.67,0.4247,0.4067,0.4427
42000,270.63,265.20,276.06,0.4264,0.4119,0.4410
42250,272.33,266.96,277.69,0.4364,0.4177,0.4551
42500,274.05,268.52,279.58,0.4175,0.4010,0.4339
42750,274.30,269.10,279.49,0.4286,0.4115,0.4457
43000,272.73,267.71,277.74,0.4249,0.4080,0.4419
43250,273.46,269.31,277.62,0.4343,0.4196,0.4491
43500,271.65,265.90,277.39,0.4366,0.4197,0.4534
43750,276.72,272.42,281.02,0.4190,0.4023,0.4358
44000,271.84,266.77,276.91,0.4296,0.4135,0.4456
44250,270.49,265.72,275.26,0.4357,0.4215,0.4499
44500,275.69,271.53,279.86,0.4136,0.3985,0.4286
44750,275.10,269.53,280.67,0.4113,0.3932,0.4295
45000,277.94,272.98,282.91,0.4088,0.3916,0.4260
45250,275.84,271.08,280.60,0.4224,0.4068,0.4379
45500,271.57,265.96,277.18,0.4245,0.4090,0.4399
45750,272.73,267.22,278.23,0.4168,0.3999,0.4338
46000,274.00,269.28,278.73,0.4256,0.4075,0.4437
46250,278.95,273.95,283.94,0.4070,0.3901,0.4238
46500,274.62,269.77,279.48,0.4159,0.3990,0.4328
46750,274.23,269.24,279.21,0.4233,0.4084,0.4381
47000,270.85,265.83,275.87,0.4246,0.4067,0.4425
47250,276.05,270.88,281.22,0.4234,0.4058,0.4411
47500,274.64,270.56,278.71,0.4158,0.4019,0.4298
47750,278.20,272.69,283.72,0.4108,0.3947,0.4270
48000,276.65,272.07,281.23,0.4144,0.3984,0.4305
48250,275.84,271.34,280.35,0.4119,0.3960,0.4279
48500,273.35,268.43,278.28,0.4215,0.4037,0.4392
48750,275.85,271.57,280.14,0.4193,0.4035,0.4352
49000,276.72,271.84,281.60,0.4144,0.3974,0.4315
49250,269.93,264.47,275.39,0.4171,0.4016,0.4326
49500,272.93,266.92,278.94,0.4146,0.3938,0.4355
49750,273.69,268.73,278.66,0.4169,0.3983,0.4356
50000,275.39,271.41,279.37,0.4189,0.4025,0.4352
50250,273.31,267.91,278.70,0.4186,0.4004,0.4367
50500,280.41,275.25,285.57,0.4094,0.3936,0.4253
50750,275.64,270.10,281.19,0.4148,0.3969,0.4327
51000,276.49,271.92,281.07,0.4171,0.4038,0.4304
51250,272.75,268.63,276.88,0.4188,0.3990,0.4386
51500,278.52,273.68,283.36,0.4120,0.3989,0.4250
51750,271.73,266.78,276.67,0.4347,0.4161,0.4534
52000,278.96,274.18,283.73,0.4066,0.3932,0.4199
52250,283.60,279.07,288.13,0.3983,0.3845,0.4120
52500,274.68,270.45,278.91,0.4160,0.3992,0.4327
52750,274.05,269.71,278.38,0.4179,0.4012,0.4347
53000,270.92,266.80,275.05,0.4192,0.4018,0.4366
53250,271.86,266.66,277.05,0.4225,0.4034,0.4416
53500,277.82,272.95,282.69,0.3942,0.3781,0.4103
53750,273.76,269.46,278.06,0.4199,0.4048,0.4350
54000,274.81,269.70,279.93,0.4218,0.4033,0.4403
54250,276.36,271.96,280.76,0.3996,0.3844,0.4149
54500,278.08,272.78,283.38,0.4098,0.3898,0.4298
54750,276.49,271.48,281.49,0.4115,0.3954,0.4276
55000,274.53,269.65,279.42,0.4130,0.3957,0.4302
55250,274.77,270.04,279.50,0.4189,0.4040,0.4338
55500,278.30,273.84,282.75,0.4077,0.3943,0.4212
55750,279.15,273.38,284.93,0.3984,0.3825,0.4143
56000,271.86,266.96,276.76,0.4192,0.4018,0.4367
56250,278.35,272.87,283.84,0.4004,0.3838,0.4169
56500,280.64,275.73,285.55,0.4066,0.3882,0.4251
56750,276.57,271.60,281.54,0.4086,0.3903,0.4268
57000,273.03,268.18,277.87,0.4120,0.3952,0.4288
57250,276.18,271.83,280.53,0.4084,0.3909,0.4258
57500,279.56,274.89,284.23,0.4033,0.3890,0.4177
57750,279.74,274.37,285.11,0.3970,0.3798,0.4142
58000,274.60,270.38,278.81,0.4089,0.3964,0.4215
58250,277.43,271.79,283.06,0.4088,0.3925,0.4250
58500,276.64,272.16,281.12,0.4077,0.3949,0.4206
58750,275.95,270.88,281.01,0.4168,0.3985,0.4351
59000,276.40,271.40,281.39,0.4126,0.3927,0.4325
59250,278.80,274.18,283.43,0.4001,0.3849,0.4153
59500,276.81,272.23,281.39,0.4016,0.3877,0.4154
59750,278.95,274.27,283.63,0.3985,0.3828,0.4141
60000,276.75,271.71,281.78,0.4022,0.3861,0.4183
60250,277.10,272.48,281.73,0.3953,0.3836,0.4070
60500,276.97,271.95,281.99,0.4126,0.3962,0.4290
60750,279.44,275.28,283.60,0.4051,0.3914,0.4188
61000,280.20,275.55,284.85,0.3977,0.3823,0.4132
61250,278.28,273.17,283.39,0.3980,0.3832,0.4128
61500,281.50,276.23,286.77,0.3998,0.3823,0.4173
61750,274.07,269.81,278.32,0.4057,0.3909,0.4204
62000,276.03,271.33,280.74,0.3956,0.3817,0.4096
62250,277.14,271.29,282.99,0.4137,0.3938,0.4336
62500,280.51,276.11,284.92,0.4031,0.3876,0.4186
62750,278.70,273.57,283.83,0.3980,0.3826,0.4135
63000,276.62,270.73,282.51,0.4103,0.3912,0.4294
63250,277.80,272.55,283.05,0.4105,0.3896,0.4314
63500,276.71,271.74,281.68,0.4129,0.3963,0.4296
63750,279.68,274.22,285.14,0.3953,0.3807,0.4099
64000,274.73,270.19,279.27,0.4093,0.3948,0.4238
64250,278.13,272.82,283.44,0.3946,0.3775,0.4117
64500,277.37,272.76,281.98,0.3930,0.3800,0.4060
64750,280.16,276.50,283.82,0.3997,0.3807,0.4187
65000,275.97,271.89,280.05,0.4028,0.3859,0.4196
65250,273.62,268.71,278.52,0.4125,0.3927,0.4323
65500,277.94,272.30,283.59,0.4092,0.3895,0.4289
65750,278.20,273.46,282.94,0.4037,0.3878,0.4196
66000,277.52,272.99,282.05,0.4022,0.3862,0.4183
66250,279.05,273.79,284.30,0.3997,0.3822,0.4171
66500,277.66,272.84,282.49,0.3870,0.3737,0.4004
66750,281.12,276.01,286.23,0.3878,0.3711,0.4045
67000,280.28,276.21,284.35,0.3894,0.3787,0.4000
67250,281.30,276.07,286.53,0.3982,0.3834,0.4131
67500,275.60,270.84,280.35,0.4049,0.3917,0.4181
67750,277.74,272.82,282.67,0.4011,0.3819,0.4203
68000,278.30,273.72,282.88,0.4019,0.3873,0.4165
68250,275.94,270.01,281.86,0.4028,0.3861,0.4195
68500,275.15,270.67,279.63,0.4019,0.3873,0.4164
68750,277.50,272.59,282.41,0.3983,0.3841,0.4125
69000,282.35,277.82,286.88,0.3857,0.3719,0.3994
69250,282.08,277.38,286.77,0.3907,0.3759,0.4056
69500,280.03,274.53,285.52,0.3932,0.3778,0.4086
69750,273.35,268.54,278.15,0.4198,0.4011,0.4385
70000,277.47,273.15,281.80,0.3977,0.3862,0.4092
70250,279.28,275.01,283.55,0.3855,0.3723,0.3987
70500,275.68,271.18,280.19,0.3968,0.3820,0.4115
70750,279.82,274.93,284.72,0.3993,0.3845,0.4141
71000,280.34,275.24,285.45,0.3978,0.3840,0.4116
71250,275.78,271.69,279.86,0.4028,0.3880,0.4175
71500,275.93,270.32,281.53,0.4032,0.3876,0.4189
71750,278.73,273.89,283.57,0.4059,0.3904,0.4214
72000,278.32,273.92,282.72,0.4024,0.3847,0.4200
72250,279.15,274.44,283.86,0.3966,0.3826,0.4107
72500,277.23,272.85,281.61,0.4083,0.3919,0.4246
72750,279.20,275.41,283.00,0.3877,0.3723,0.4030
73000,277.94,273.59,282.29,0.4085,0.3935,0.4234
73250,282.55,277.80,287.29,0.3909,0.3775,0.4043
73500,280.30,275.05,285.54,0.3943,0.3796,0.4091
73750,280.96,276.73,285.19,0.3934,0.3784,0.4083
74000,278.50,273.86,283.14,0.3953,0.3831,0.4076
74250,271.32,266.60,276.04,0.4128,0.3966,0.4289
74500,279.98,275.13,284.82,0.3897,0.3763,0.4032
74750,280.83,276.15,285.51,0.3925,0.3783,0.4067
75000,279.43,274.79,284.08,0.3969,0.3817,0.4122
75250,276.20,271.13,281.26,0.3963,0.3810,0.4115
75500,283.42,278.13,288.71,0.3955,0.3771,0.4139
75750,277.87,272.35,283.39,0.3927,0.3760,0.4095
76000,275.17,270.47,279.86,0.4048,0.3873,0.4222
76250,282.36,277.49,287.22,0.3804,0.3675,0.3934
76500,284.12,279.78,288.46,0.3827,0.3682,0.3973
76750,275.30,270.12,280.49,0.4049,0.3852,0.4245
77000,277.96,274.00,281.92,0.3940,0.3792,0.4089
77250,279.49,274.21,284.77,0.3956,0.3823,0.4089
77500,280.07,275.45,284.69,0.3942,0.3795,0.4089
77750,280.38,275.58,285.17,0.3822,0.3687,0.3957
78000,278.67,273.26,284.07,0.4010,0.3806,0.4214
78250,280.91,276.51,285.31,0.3906,0.3768,0.4044
78500,277.25,272.86,281.65,0.3976,0.3833,0.4119
78750,282.34,277.95,286.73,0.3767,0.3641,0.3893
79000,276.15,271.31,280.99,0.3996,0.3834,0.4158
79250,275.71,271.29,280.13,0.3911,0.3777,0.4044
79500,280.08,275.73,284.42,0.3863,0.3725,0.4002
79750,279.39,274.45,284.33,0.3908,0.3730,0.4087
80000,278.91,275.04,282.77,0.3882,0.3750,0.4013
80250,283.44,278.91,287.96,0.3804,0.3671,0.3937
80500,282.40,278.15,286.65,0.3883,0.3754,0.4013
80750,280.61,275.92,285.30,0.3849,0.3703,0.3995
81000,280.30,275.18,285.42,0.3863,0.3717,0.4008
81250,275.70,270.54,280.87,0.3919,0.3773,0.4065
81500,279.51,274.65,284.37,0.4000,0.3834,0.4166
81750,276.81,271.80,281.81,0.4057,0.3896,0.4218
82000,279.07,273.25,284.88,0.3929,0.3736,0.4122
82250,275.99,271.43,280.54,0.3951,0.3804,0.4099
82500,279.22,274.02,284.41,0.3813,0.3683,0.3943
82750,279.99,275.04,284.94,0.3940,0.3774,0.4107
83000,279.54,274.20,284.87,0.3968,0.3799,0.4137
83250,280.06,275.73,284.39,0.3876,0.3729,0.4022
83500,276.43,272.35,280.51,0.4042,0.3917,0.4166
83750,280.43,275.68,285.18,0.3905,0.3778,0.4033
84000,278.21,274.16,282.27,0.4013,0.3845,0.4180
84250,279.01,274.45,283.58,0.3966,0.3812,0.4120
84500,280.03,275.62,284.43,0.4001,0.3842,0.4160
84750,280.01,275.47,284.54,0.3939,0.3803,0.4076
85000,278.80,274.98,282.63,0.3921,0.3780,0.4062
85250,279.92,274.55,285.30,0.3900,0.3731,0.4069
85500,276.82,271.55,282.10,0.3922,0.3770,0.4074
85750,280.39,276.20,284.57,0.3861,0.3716,0.4007
86000,280.72,276.55,284.90,0.3794,0.3651,0.3938
86250,283.71,279.11,288.30,0.3753,0.3590,0.3915
86500,280.81,275.61,286.00,0.3852,0.3700,0.4003
86750,273.98,268.89,279.07,0.3952,0.3815,0.4089
87000,278.32,273.40,283.24,0.3917,0.3753,0.4081
87250,275.31,271.07,279.56,0.3962,0.3836,0.4089
87500,277.33,271.94,282.73,0.4043,0.3870,0.4217
87750,277.82,272.91,282.73,0.3831,0.3678,0.3985
88000,279.65,274.69,284.60,0.3912,0.3709,0.4114
88250,284.82,281.03,288.61,0.3781,0.3645,0.3916
88500,281.97,277.30,286.64,0.3746,0.3612,0.3880
88750,276.31,271.36,281.25,0.3966,0.3792,0.4140
89000,280.21,275.06,285.36,0.3908,0.3751,0.4065
89250,281.18,276.62,285.73,0.3841,0.3704,0.3979
89500,279.88,274.55,285.21,0.3818,0.3662,0.3975
89750,280.87,276.95,284.79,0.3883,0.3726,0.4040
90000,278.98,274.48,283.48,0.3884,0.3723,0.4046
90250,279.33,275.05,283.61,0.3891,0.3734,0.4048
90500,284.81,279.86,289.77,0.3811,0.3677,0.3944
90750,282.94,278.13,287.75,0.3775,0.3614,0.3936
91000,282.59,277.53,287.65,0.3922,0.3757,0.4086
91250,282.08,277.33,286.84,0.3924,0.3752,0.4095
91500,282.58,277.79,287.36,0.3805,0.3671,0.3939
91750,278.31,274.19,282.43,0.3851,0.3726,0.3976
92000,282.77,277.40,288.13,0.3865,0.3698,0.4031
92250,279.55,275.56,283.55,0.3890,0.3761,0.4020
92500,278.97,273.64,284.30,0.3922,0.3765,0.4079
92750,283.47,278.96,287.98,0.3725,0.3595,0.3855
93000,277.26,272.78,281.74,0.3950,0.3793,0.4107
93250,286.28,280.91,291.64,0.3799,0.3637,0.3960
93500,282.80,277.71,287.88,0.3822,0.3660,0.3984
93750,280.74,276.52,284.96,0.3868,0.3731,0.4006
94000,280.43,275.43,285.43,0.3820,0.3698,0.3942
94250,280.61,276.33,284.89,0.3940,0.3798,0.4081
94500,281.73,276.81,286.66,0.3787,0.3644,0.3929
94750,278.72,273.97,283.48,0.3855,0.3709,0.4001
95000,279.90,275.41,284.39,0.3844,0.3693,0.3995
95250,280.56,275.89,285.23,0.3860,0.3690,0.4030
95500,280.40,274.77,286.03,0.3852,0.3685,0.4019
95750,282.40,278.18,286.63,0.3819,0.3654,0.3983
96000,280.68,276.15,285.22,0.3986,0.3794,0.4179
96250,278.87,275.20,282.53,0.3910,0.3759,0.4062
96500,280.39,276.17,284.62,0.3863,0.3713,0.4013
96750,277.85,273.96,281.75,0.3921,0.3760,0.4082
97000,282.71,277.53,287.88,0.3800,0.3595,0.4006
97250,278.78,274.24,283.31,0.3931,0.3803,0.4059
97500,280.76,275.21,286.31,0.3844,0.3692,0.3996
97750,282.53,278.10,286.96,0.3855,0.3736,0.3975
98000,279.11,274.33,283.90,0.3849,0.3702,0.3996
98250,278.71,273.84,283.59,0.3878,0.3736,0.4020
98500,280.31,276.05,284.56,0.3813,0.3679,0.3947
98750,280.55,276.92,284.17,0.3789,0.3673,0.3905
99000,281.35,275.70,287.00,0.3812,0.3648,0.3976
99250,280.73,276.34,285.11,0.3848,0.3699,0.3997
99500,284.63,279.41,289.85,0.3749,0.3611,0.3888
99750,278.48,273.85,283.10,0.3842,0.3711,0.3973
